class,class_label,probability,path
0,marked,0.94386256,/home/niklas/Documents/dev/uni/bees/bee-data/cropped/2024-09-02/15-10-47.png
0,marked,0.9945251,/home/niklas/Documents/dev/uni/bees/bee-data/cropped/2024-09-02/14-59-34.png
1,unmarked,0.603994,/home/niklas/Documents/dev/uni/bees/bee-data/cropped/2024-09-02/13-12-31.png
0,marked,0.9736353,/home/niklas/Documents/dev/uni/bees/bee-data/cropped/2024-09-02/15-53-17.png
1,unmarked,0.6031788,/home/niklas/Documents/dev/uni/bees/bee-data/cropped/2024-09-02/14-39-20.png
1,unmarked,0.5990286,/home/niklas/Documents/dev/uni/bees/bee-data/cropped/2024-09-02/12-39-3.png
0,marked,0.99982977,/home/niklas/Documents/dev/uni/bees/bee-data/cropped/2024-09-02/14-11-52.png
0,marked,0.81239176,/home/niklas/Documents/dev/uni/bees/bee-data/cropped/2024-09-02/14-50-1.png
1,unmarked,0.6023749,/home/niklas/Documents/dev/uni/bees/bee-data/cropped/2024-09-02/12-5-21.png
1,unmarked,0.6032516,/home/niklas/Documents/dev/uni/bees/bee-data/cropped/2024-09-02/14-15-13.png
1,unmarked,0.603371,/home/niklas/Documents/dev/uni/bees/bee-data/cropped/2024-09-02/13-58-11.png
1,unmarked,0.59164983,/home/niklas/Documents/dev/uni/bees/bee-data/cropped/2024-09-02/15-11-4.png
0,marked,0.97745687,/home/niklas/Documents/dev/uni/bees/bee-data/cropped/2024-09-02/13-29-17.png
0,marked,0.9426663,/home/niklas/Documents/dev/uni/bees/bee-data/cropped/2024-09-02/15-3-7.png
0,marked,0.908941,/home/niklas/Documents/dev/uni/bees/bee-data/cropped/2024-09-02/13-37-12.png
0,marked,0.64274836,/home/niklas/Documents/dev/uni/bees/bee-data/cropped/2024-09-02/15-27-39.png
0,marked,0.9652345,/home/niklas/Documents/dev/uni/bees/bee-data/cropped/2024-09-02/14-24-13.png
0,marked,0.99068475,/home/niklas/Documents/dev/uni/bees/bee-data/cropped/2024-09-02/15-54-48.png
1,unmarked,0.6013525,/home/niklas/Documents/dev/uni/bees/bee-data/cropped/2024-09-02/13-14-32.png
1,unmarked,0.6018272,/home/niklas/Documents/dev/uni/bees/bee-data/cropped/2024-09-02/13-33-58.png
0,marked,0.8669573,/home/niklas/Documents/dev/uni/bees/bee-data/cropped/2024-09-02/14-44-3.png
0,marked,0.54614073,/home/niklas/Documents/dev/uni/bees/bee-data/cropped/2024-09-02/14-19-3.png
0,marked,0.8588577,/home/niklas/Documents/dev/uni/bees/bee-data/cropped/2024-09-02/15-17-5.png
1,unmarked,0.5968526,/home/niklas/Documents/dev/uni/bees/bee-data/cropped/2024-09-02/13-30-38.png
1,unmarked,0.60267425,/home/niklas/Documents/dev/uni/bees/bee-data/cropped/2024-09-02/13-15-3.png
1,unmarked,0.602622,/home/niklas/Documents/dev/uni/bees/bee-data/cropped/2024-09-02/12-11-12.png
0,marked,0.9990897,/home/niklas/Documents/dev/uni/bees/bee-data/cropped/2024-09-02/14-45-14.png
1,unmarked,0.6028593,/home/niklas/Documents/dev/uni/bees/bee-data/cropped/2024-09-02/14-15-20.png
1,unmarked,0.59537023,/home/niklas/Documents/dev/uni/bees/bee-data/cropped/2024-09-02/13-46-48.png
0,marked,0.92444706,/home/niklas/Documents/dev/uni/bees/bee-data/cropped/2024-09-02/15-33-32.png
1,unmarked,0.5279775,/home/niklas/Documents/dev/uni/bees/bee-data/cropped/2024-09-02/12-58-29.png
0,marked,0.8062669,/home/niklas/Documents/dev/uni/bees/bee-data/cropped/2024-09-02/14-26-26.png
0,marked,0.9805073,/home/niklas/Documents/dev/uni/bees/bee-data/cropped/2024-09-02/13-51-41.png
1,unmarked,0.600575,/home/niklas/Documents/dev/uni/bees/bee-data/cropped/2024-09-02/12-5-15.png
1,unmarked,0.60285616,/home/niklas/Documents/dev/uni/bees/bee-data/cropped/2024-09-02/12-35-5.png
1,unmarked,0.6027815,/home/niklas/Documents/dev/uni/bees/bee-data/cropped/2024-09-02/13-15-19.png
1,unmarked,0.60370284,/home/niklas/Documents/dev/uni/bees/bee-data/cropped/2024-09-02/12-15-0.png
0,marked,0.9890698,/home/niklas/Documents/dev/uni/bees/bee-data/cropped/2024-09-02/15-31-9.png
1,unmarked,0.60297173,/home/niklas/Documents/dev/uni/bees/bee-data/cropped/2024-09-02/15-48-10.png
1,unmarked,0.60223633,/home/niklas/Documents/dev/uni/bees/bee-data/cropped/2024-09-02/13-12-38.png
0,marked,0.9293292,/home/niklas/Documents/dev/uni/bees/bee-data/cropped/2024-09-02/13-36-40.png
1,unmarked,0.60359,/home/niklas/Documents/dev/uni/bees/bee-data/cropped/2024-09-02/13-12-40.png
0,marked,0.9985947,/home/niklas/Documents/dev/uni/bees/bee-data/cropped/2024-09-02/14-9-9.png
0,marked,0.9444005,/home/niklas/Documents/dev/uni/bees/bee-data/cropped/2024-09-02/12-7-12.png
1,unmarked,0.60359156,/home/niklas/Documents/dev/uni/bees/bee-data/cropped/2024-09-02/14-13-17.png
0,marked,0.99844474,/home/niklas/Documents/dev/uni/bees/bee-data/cropped/2024-09-02/13-49-23.png
0,marked,0.8469694,/home/niklas/Documents/dev/uni/bees/bee-data/cropped/2024-09-02/14-22-15.png
0,marked,0.97495335,/home/niklas/Documents/dev/uni/bees/bee-data/cropped/2024-09-02/15-58-41.png
1,unmarked,0.60225284,/home/niklas/Documents/dev/uni/bees/bee-data/cropped/2024-09-02/14-43-41.png
1,unmarked,0.600286,/home/niklas/Documents/dev/uni/bees/bee-data/cropped/2024-09-02/12-48-10.png
1,unmarked,0.55332226,/home/niklas/Documents/dev/uni/bees/bee-data/cropped/2024-09-02/12-25-17.png
0,marked,0.9728263,/home/niklas/Documents/dev/uni/bees/bee-data/cropped/2024-09-02/15-53-36.png
0,marked,0.648929,/home/niklas/Documents/dev/uni/bees/bee-data/cropped/2024-09-02/15-11-2.png
1,unmarked,0.5998137,/home/niklas/Documents/dev/uni/bees/bee-data/cropped/2024-09-02/16-9-51.png
1,unmarked,0.6014274,/home/niklas/Documents/dev/uni/bees/bee-data/cropped/2024-09-02/12-5-0.png
1,unmarked,0.59425986,/home/niklas/Documents/dev/uni/bees/bee-data/cropped/2024-09-02/12-6-21.png
0,marked,0.98356956,/home/niklas/Documents/dev/uni/bees/bee-data/cropped/2024-09-02/15-21-20.png
0,marked,0.99771285,/home/niklas/Documents/dev/uni/bees/bee-data/cropped/2024-09-02/14-40-26.png
0,marked,0.9014025,/home/niklas/Documents/dev/uni/bees/bee-data/cropped/2024-09-02/15-22-40.png
0,marked,0.6208885,/home/niklas/Documents/dev/uni/bees/bee-data/cropped/2024-09-02/14-23-44.png
1,unmarked,0.58839154,/home/niklas/Documents/dev/uni/bees/bee-data/cropped/2024-09-02/13-0-20.png
1,unmarked,0.6027184,/home/niklas/Documents/dev/uni/bees/bee-data/cropped/2024-09-02/14-41-22.png
1,unmarked,0.58040744,/home/niklas/Documents/dev/uni/bees/bee-data/cropped/2024-09-02/13-12-2.png
1,unmarked,0.6013578,/home/niklas/Documents/dev/uni/bees/bee-data/cropped/2024-09-02/14-2-14.png
0,marked,0.9993674,/home/niklas/Documents/dev/uni/bees/bee-data/cropped/2024-09-02/14-44-21.png
1,unmarked,0.6036111,/home/niklas/Documents/dev/uni/bees/bee-data/cropped/2024-09-02/13-33-22.png
0,marked,0.99904484,/home/niklas/Documents/dev/uni/bees/bee-data/cropped/2024-09-02/13-56-23.png
0,marked,0.9991009,/home/niklas/Documents/dev/uni/bees/bee-data/cropped/2024-09-02/14-16-19.png
0,marked,0.9937582,/home/niklas/Documents/dev/uni/bees/bee-data/cropped/2024-09-02/13-24-6.png
0,marked,0.97886443,/home/niklas/Documents/dev/uni/bees/bee-data/cropped/2024-09-02/15-53-15.png
0,marked,0.57359374,/home/niklas/Documents/dev/uni/bees/bee-data/cropped/2024-09-02/14-50-28.png
0,marked,0.9899136,/home/niklas/Documents/dev/uni/bees/bee-data/cropped/2024-09-02/15-11-7.png
1,unmarked,0.5979343,/home/niklas/Documents/dev/uni/bees/bee-data/cropped/2024-09-02/13-0-8.png
0,marked,0.9945533,/home/niklas/Documents/dev/uni/bees/bee-data/cropped/2024-09-02/15-42-0.png
1,unmarked,0.5310717,/home/niklas/Documents/dev/uni/bees/bee-data/cropped/2024-09-02/13-16-2.png
1,unmarked,0.6033655,/home/niklas/Documents/dev/uni/bees/bee-data/cropped/2024-09-02/13-36-0.png
0,marked,0.9845532,/home/niklas/Documents/dev/uni/bees/bee-data/cropped/2024-09-02/15-47-40.png
1,unmarked,0.603871,/home/niklas/Documents/dev/uni/bees/bee-data/cropped/2024-09-02/14-31-1.png
1,unmarked,0.51787436,/home/niklas/Documents/dev/uni/bees/bee-data/cropped/2024-09-02/13-0-36.png
1,unmarked,0.58017856,/home/niklas/Documents/dev/uni/bees/bee-data/cropped/2024-09-02/13-33-6.png
0,marked,0.7437734,/home/niklas/Documents/dev/uni/bees/bee-data/cropped/2024-09-02/14-43-23.png
1,unmarked,0.60374707,/home/niklas/Documents/dev/uni/bees/bee-data/cropped/2024-09-02/12-35-16.png
1,unmarked,0.6029634,/home/niklas/Documents/dev/uni/bees/bee-data/cropped/2024-09-02/12-7-1.png
1,unmarked,0.602568,/home/niklas/Documents/dev/uni/bees/bee-data/cropped/2024-09-02/15-52-4.png
1,unmarked,0.602168,/home/niklas/Documents/dev/uni/bees/bee-data/cropped/2024-09-02/13-15-6.png
0,marked,0.77629703,/home/niklas/Documents/dev/uni/bees/bee-data/cropped/2024-09-02/13-47-26.png
1,unmarked,0.59868026,/home/niklas/Documents/dev/uni/bees/bee-data/cropped/2024-09-02/13-7-1.png
0,marked,0.9465096,/home/niklas/Documents/dev/uni/bees/bee-data/cropped/2024-09-02/13-38-17.png
0,marked,0.99916136,/home/niklas/Documents/dev/uni/bees/bee-data/cropped/2024-09-02/13-55-32.png
1,unmarked,0.6016759,/home/niklas/Documents/dev/uni/bees/bee-data/cropped/2024-09-02/13-55-29.png
0,marked,0.6111617,/home/niklas/Documents/dev/uni/bees/bee-data/cropped/2024-09-02/14-40-11.png
0,marked,0.89138,/home/niklas/Documents/dev/uni/bees/bee-data/cropped/2024-09-02/14-33-31.png
1,unmarked,0.59603745,/home/niklas/Documents/dev/uni/bees/bee-data/cropped/2024-09-02/13-34-44.png
1,unmarked,0.6016779,/home/niklas/Documents/dev/uni/bees/bee-data/cropped/2024-09-02/12-37-21.png
1,unmarked,0.6028875,/home/niklas/Documents/dev/uni/bees/bee-data/cropped/2024-09-02/13-33-33.png
0,marked,0.9213136,/home/niklas/Documents/dev/uni/bees/bee-data/cropped/2024-09-02/15-24-27.png
0,marked,0.7386039,/home/niklas/Documents/dev/uni/bees/bee-data/cropped/2024-09-02/15-22-9.png
0,marked,0.7433445,/home/niklas/Documents/dev/uni/bees/bee-data/cropped/2024-09-02/15-21-41.png
1,unmarked,0.603479,/home/niklas/Documents/dev/uni/bees/bee-data/cropped/2024-09-02/15-50-0.png
0,marked,0.97750866,/home/niklas/Documents/dev/uni/bees/bee-data/cropped/2024-09-02/13-36-6.png
0,marked,0.98792136,/home/niklas/Documents/dev/uni/bees/bee-data/cropped/2024-09-02/14-52-35.png
1,unmarked,0.60339504,/home/niklas/Documents/dev/uni/bees/bee-data/cropped/2024-09-02/14-23-16.png
0,marked,0.9875616,/home/niklas/Documents/dev/uni/bees/bee-data/cropped/2024-09-02/13-34-43.png
1,unmarked,0.5608312,/home/niklas/Documents/dev/uni/bees/bee-data/cropped/2024-09-02/13-15-20.png
0,marked,0.8789073,/home/niklas/Documents/dev/uni/bees/bee-data/cropped/2024-09-02/14-25-13.png
1,unmarked,0.58189034,/home/niklas/Documents/dev/uni/bees/bee-data/cropped/2024-09-02/15-39-21.png
0,marked,0.8896104,/home/niklas/Documents/dev/uni/bees/bee-data/cropped/2024-09-02/14-31-8.png
1,unmarked,0.60260254,/home/niklas/Documents/dev/uni/bees/bee-data/cropped/2024-09-02/12-46-0.png
1,unmarked,0.5375562,/home/niklas/Documents/dev/uni/bees/bee-data/cropped/2024-09-02/12-4-20.png
1,unmarked,0.59594536,/home/niklas/Documents/dev/uni/bees/bee-data/cropped/2024-09-02/15-41-25.png
1,unmarked,0.6024294,/home/niklas/Documents/dev/uni/bees/bee-data/cropped/2024-09-02/12-50-22.png
1,unmarked,0.6026948,/home/niklas/Documents/dev/uni/bees/bee-data/cropped/2024-09-02/13-33-5.png
1,unmarked,0.60310334,/home/niklas/Documents/dev/uni/bees/bee-data/cropped/2024-09-02/13-25-8.png
1,unmarked,0.6031832,/home/niklas/Documents/dev/uni/bees/bee-data/cropped/2024-09-02/12-45-12.png
1,unmarked,0.6011924,/home/niklas/Documents/dev/uni/bees/bee-data/cropped/2024-09-02/15-28-2.png
1,unmarked,0.6019269,/home/niklas/Documents/dev/uni/bees/bee-data/cropped/2024-09-02/12-38-30.png
1,unmarked,0.6012772,/home/niklas/Documents/dev/uni/bees/bee-data/cropped/2024-09-02/12-40-16.png
0,marked,0.9988933,/home/niklas/Documents/dev/uni/bees/bee-data/cropped/2024-09-02/13-24-17.png
1,unmarked,0.602872,/home/niklas/Documents/dev/uni/bees/bee-data/cropped/2024-09-02/13-33-12.png
0,marked,1.0,/home/niklas/Documents/dev/uni/bees/bee-data/cropped/2024-09-02/12-9-4.png
0,marked,0.99759406,/home/niklas/Documents/dev/uni/bees/bee-data/cropped/2024-09-02/15-8-16.png
0,marked,0.96879643,/home/niklas/Documents/dev/uni/bees/bee-data/cropped/2024-09-02/13-18-27.png
0,marked,0.95988417,/home/niklas/Documents/dev/uni/bees/bee-data/cropped/2024-09-02/15-16-62.png
0,marked,0.9174037,/home/niklas/Documents/dev/uni/bees/bee-data/cropped/2024-09-02/16-9-27.png
0,marked,0.8671032,/home/niklas/Documents/dev/uni/bees/bee-data/cropped/2024-09-02/13-34-41.png
0,marked,0.97340494,/home/niklas/Documents/dev/uni/bees/bee-data/cropped/2024-09-02/15-0-10.png
1,unmarked,0.6026527,/home/niklas/Documents/dev/uni/bees/bee-data/cropped/2024-09-02/14-15-6.png
0,marked,1.0,/home/niklas/Documents/dev/uni/bees/bee-data/cropped/2024-09-02/13-27-18.png
0,marked,0.9912889,/home/niklas/Documents/dev/uni/bees/bee-data/cropped/2024-09-02/15-37-23.png
1,unmarked,0.6017987,/home/niklas/Documents/dev/uni/bees/bee-data/cropped/2024-09-02/14-15-9.png
1,unmarked,0.56699574,/home/niklas/Documents/dev/uni/bees/bee-data/cropped/2024-09-02/12-38-1.png
1,unmarked,0.60364467,/home/niklas/Documents/dev/uni/bees/bee-data/cropped/2024-09-02/14-10-17.png
1,unmarked,0.6038717,/home/niklas/Documents/dev/uni/bees/bee-data/cropped/2024-09-02/14-17-27.png
1,unmarked,0.60363305,/home/niklas/Documents/dev/uni/bees/bee-data/cropped/2024-09-02/15-48-43.png
1,unmarked,0.6036101,/home/niklas/Documents/dev/uni/bees/bee-data/cropped/2024-09-02/12-5-13.png
1,unmarked,0.6023045,/home/niklas/Documents/dev/uni/bees/bee-data/cropped/2024-09-02/13-12-34.png
1,unmarked,0.6020305,/home/niklas/Documents/dev/uni/bees/bee-data/cropped/2024-09-02/13-14-8.png
0,marked,0.82764417,/home/niklas/Documents/dev/uni/bees/bee-data/cropped/2024-09-02/14-1-7.png
0,marked,0.95772403,/home/niklas/Documents/dev/uni/bees/bee-data/cropped/2024-09-02/15-21-63.png
0,marked,0.99891603,/home/niklas/Documents/dev/uni/bees/bee-data/cropped/2024-09-02/15-51-31.png
0,marked,0.91774774,/home/niklas/Documents/dev/uni/bees/bee-data/cropped/2024-09-02/15-46-22.png
1,unmarked,0.60276204,/home/niklas/Documents/dev/uni/bees/bee-data/cropped/2024-09-02/12-6-17.png
0,marked,0.7131438,/home/niklas/Documents/dev/uni/bees/bee-data/cropped/2024-09-02/16-8-3.png
1,unmarked,0.60064447,/home/niklas/Documents/dev/uni/bees/bee-data/cropped/2024-09-02/14-33-5.png
0,marked,0.99384165,/home/niklas/Documents/dev/uni/bees/bee-data/cropped/2024-09-02/15-37-30.png
0,marked,0.9827238,/home/niklas/Documents/dev/uni/bees/bee-data/cropped/2024-09-02/14-28-3.png
1,unmarked,0.60217047,/home/niklas/Documents/dev/uni/bees/bee-data/cropped/2024-09-02/12-4-21.png
0,marked,0.818621,/home/niklas/Documents/dev/uni/bees/bee-data/cropped/2024-09-02/14-16-36.png
1,unmarked,0.6033034,/home/niklas/Documents/dev/uni/bees/bee-data/cropped/2024-09-02/14-23-42.png
1,unmarked,0.60168743,/home/niklas/Documents/dev/uni/bees/bee-data/cropped/2024-09-02/12-39-40.png
1,unmarked,0.5949255,/home/niklas/Documents/dev/uni/bees/bee-data/cropped/2024-09-02/12-11-11.png
1,unmarked,0.59235126,/home/niklas/Documents/dev/uni/bees/bee-data/cropped/2024-09-02/12-4-25.png
1,unmarked,0.5194439,/home/niklas/Documents/dev/uni/bees/bee-data/cropped/2024-09-02/13-13-30.png
0,marked,0.99901843,/home/niklas/Documents/dev/uni/bees/bee-data/cropped/2024-09-02/13-58-21.png
0,marked,0.9968369,/home/niklas/Documents/dev/uni/bees/bee-data/cropped/2024-09-02/15-16-43.png
1,unmarked,0.5990969,/home/niklas/Documents/dev/uni/bees/bee-data/cropped/2024-09-02/13-34-19.png
0,marked,0.9640972,/home/niklas/Documents/dev/uni/bees/bee-data/cropped/2024-09-02/14-43-31.png
1,unmarked,0.5958168,/home/niklas/Documents/dev/uni/bees/bee-data/cropped/2024-09-02/13-33-38.png
1,unmarked,0.5529547,/home/niklas/Documents/dev/uni/bees/bee-data/cropped/2024-09-02/13-39-33.png
1,unmarked,0.6007747,/home/niklas/Documents/dev/uni/bees/bee-data/cropped/2024-09-02/13-31-36.png
0,marked,0.93097967,/home/niklas/Documents/dev/uni/bees/bee-data/cropped/2024-09-02/16-2-5.png
1,unmarked,0.6039613,/home/niklas/Documents/dev/uni/bees/bee-data/cropped/2024-09-02/13-4-29.png
1,unmarked,0.6039609,/home/niklas/Documents/dev/uni/bees/bee-data/cropped/2024-09-02/13-14-12.png
1,unmarked,0.6031278,/home/niklas/Documents/dev/uni/bees/bee-data/cropped/2024-09-02/12-21-12.png
0,marked,0.9294314,/home/niklas/Documents/dev/uni/bees/bee-data/cropped/2024-09-02/14-26-28.png
0,marked,0.9811772,/home/niklas/Documents/dev/uni/bees/bee-data/cropped/2024-09-02/15-24-6.png
0,marked,0.99948514,/home/niklas/Documents/dev/uni/bees/bee-data/cropped/2024-09-02/14-14-39.png
0,marked,0.74562985,/home/niklas/Documents/dev/uni/bees/bee-data/cropped/2024-09-02/13-47-27.png
0,marked,0.9948985,/home/niklas/Documents/dev/uni/bees/bee-data/cropped/2024-09-02/14-51-15.png
1,unmarked,0.5295515,/home/niklas/Documents/dev/uni/bees/bee-data/cropped/2024-09-02/12-10-3.png
0,marked,0.9049831,/home/niklas/Documents/dev/uni/bees/bee-data/cropped/2024-09-02/16-9-55.png
1,unmarked,0.6029427,/home/niklas/Documents/dev/uni/bees/bee-data/cropped/2024-09-02/12-25-0.png
1,unmarked,0.6035092,/home/niklas/Documents/dev/uni/bees/bee-data/cropped/2024-09-02/12-59-18.png
0,marked,0.8493322,/home/niklas/Documents/dev/uni/bees/bee-data/cropped/2024-09-02/14-56-28.png
0,marked,0.998855,/home/niklas/Documents/dev/uni/bees/bee-data/cropped/2024-09-02/14-20-46.png
0,marked,0.5573896,/home/niklas/Documents/dev/uni/bees/bee-data/cropped/2024-09-02/15-57-38.png
0,marked,0.9999893,/home/niklas/Documents/dev/uni/bees/bee-data/cropped/2024-09-02/14-43-19.png
0,marked,0.7636238,/home/niklas/Documents/dev/uni/bees/bee-data/cropped/2024-09-02/15-23-10.png
1,unmarked,0.6030596,/home/niklas/Documents/dev/uni/bees/bee-data/cropped/2024-09-02/14-19-25.png
0,marked,0.99800426,/home/niklas/Documents/dev/uni/bees/bee-data/cropped/2024-09-02/16-9-13.png
1,unmarked,0.5147583,/home/niklas/Documents/dev/uni/bees/bee-data/cropped/2024-09-02/14-21-39.png
1,unmarked,0.60330725,/home/niklas/Documents/dev/uni/bees/bee-data/cropped/2024-09-02/13-26-38.png
0,marked,0.9990127,/home/niklas/Documents/dev/uni/bees/bee-data/cropped/2024-09-02/15-14-17.png
1,unmarked,0.60089535,/home/niklas/Documents/dev/uni/bees/bee-data/cropped/2024-09-02/13-20-0.png
1,unmarked,0.5986878,/home/niklas/Documents/dev/uni/bees/bee-data/cropped/2024-09-02/15-9-5.png
0,marked,0.79718775,/home/niklas/Documents/dev/uni/bees/bee-data/cropped/2024-09-02/12-7-15.png
0,marked,0.99503654,/home/niklas/Documents/dev/uni/bees/bee-data/cropped/2024-09-02/14-14-30.png
0,marked,0.980652,/home/niklas/Documents/dev/uni/bees/bee-data/cropped/2024-09-02/13-24-18.png
1,unmarked,0.602275,/home/niklas/Documents/dev/uni/bees/bee-data/cropped/2024-09-02/13-34-9.png
0,marked,0.9047714,/home/niklas/Documents/dev/uni/bees/bee-data/cropped/2024-09-02/14-55-14.png
1,unmarked,0.5919669,/home/niklas/Documents/dev/uni/bees/bee-data/cropped/2024-09-02/12-4-27.png
1,unmarked,0.60369617,/home/niklas/Documents/dev/uni/bees/bee-data/cropped/2024-09-02/12-35-0.png
0,marked,0.80828595,/home/niklas/Documents/dev/uni/bees/bee-data/cropped/2024-09-02/14-44-0.png
0,marked,0.9801516,/home/niklas/Documents/dev/uni/bees/bee-data/cropped/2024-09-02/15-36-11.png
0,marked,0.9114753,/home/niklas/Documents/dev/uni/bees/bee-data/cropped/2024-09-02/14-24-18.png
0,marked,0.9533868,/home/niklas/Documents/dev/uni/bees/bee-data/cropped/2024-09-02/15-58-8.png
1,unmarked,0.59667677,/home/niklas/Documents/dev/uni/bees/bee-data/cropped/2024-09-02/12-5-24.png
1,unmarked,0.60298014,/home/niklas/Documents/dev/uni/bees/bee-data/cropped/2024-09-02/12-31-0.png
1,unmarked,0.6027962,/home/niklas/Documents/dev/uni/bees/bee-data/cropped/2024-09-02/13-33-29.png
1,unmarked,0.6016871,/home/niklas/Documents/dev/uni/bees/bee-data/cropped/2024-09-02/15-46-20.png
0,marked,0.9959221,/home/niklas/Documents/dev/uni/bees/bee-data/cropped/2024-09-02/15-44-4.png
0,marked,0.9519652,/home/niklas/Documents/dev/uni/bees/bee-data/cropped/2024-09-02/15-24-42.png
1,unmarked,0.59760267,/home/niklas/Documents/dev/uni/bees/bee-data/cropped/2024-09-02/12-5-16.png
0,marked,0.998934,/home/niklas/Documents/dev/uni/bees/bee-data/cropped/2024-09-02/15-27-40.png
0,marked,0.9740201,/home/niklas/Documents/dev/uni/bees/bee-data/cropped/2024-09-02/16-6-44.png
0,marked,0.9416639,/home/niklas/Documents/dev/uni/bees/bee-data/cropped/2024-09-02/15-35-3.png
0,marked,0.8153283,/home/niklas/Documents/dev/uni/bees/bee-data/cropped/2024-09-02/15-34-34.png
1,unmarked,0.5978578,/home/niklas/Documents/dev/uni/bees/bee-data/cropped/2024-09-02/12-6-22.png
0,marked,0.6434175,/home/niklas/Documents/dev/uni/bees/bee-data/cropped/2024-09-02/14-51-27.png
0,marked,0.67334205,/home/niklas/Documents/dev/uni/bees/bee-data/cropped/2024-09-02/15-5-29.png
0,marked,0.9450924,/home/niklas/Documents/dev/uni/bees/bee-data/cropped/2024-09-02/12-7-16.png
0,marked,0.9986791,/home/niklas/Documents/dev/uni/bees/bee-data/cropped/2024-09-02/14-43-21.png
0,marked,0.9825852,/home/niklas/Documents/dev/uni/bees/bee-data/cropped/2024-09-02/15-47-12.png
1,unmarked,0.6036839,/home/niklas/Documents/dev/uni/bees/bee-data/cropped/2024-09-02/16-9-65.png
0,marked,0.95031446,/home/niklas/Documents/dev/uni/bees/bee-data/cropped/2024-09-02/14-46-0.png
1,unmarked,0.6017516,/home/niklas/Documents/dev/uni/bees/bee-data/cropped/2024-09-02/13-12-45.png
0,marked,0.9903841,/home/niklas/Documents/dev/uni/bees/bee-data/cropped/2024-09-02/15-15-27.png
1,unmarked,0.60390204,/home/niklas/Documents/dev/uni/bees/bee-data/cropped/2024-09-02/14-35-28.png
1,unmarked,0.6026008,/home/niklas/Documents/dev/uni/bees/bee-data/cropped/2024-09-02/13-33-17.png
1,unmarked,0.6014272,/home/niklas/Documents/dev/uni/bees/bee-data/cropped/2024-09-02/13-12-44.png
1,unmarked,0.6038739,/home/niklas/Documents/dev/uni/bees/bee-data/cropped/2024-09-02/13-33-25.png
0,marked,0.8399633,/home/niklas/Documents/dev/uni/bees/bee-data/cropped/2024-09-02/15-26-41.png
1,unmarked,0.5992361,/home/niklas/Documents/dev/uni/bees/bee-data/cropped/2024-09-02/13-59-38.png
0,marked,0.99904996,/home/niklas/Documents/dev/uni/bees/bee-data/cropped/2024-09-02/14-41-25.png
0,marked,0.53646255,/home/niklas/Documents/dev/uni/bees/bee-data/cropped/2024-09-02/14-24-26.png
0,marked,0.96448153,/home/niklas/Documents/dev/uni/bees/bee-data/cropped/2024-09-02/14-44-10.png
1,unmarked,0.60281575,/home/niklas/Documents/dev/uni/bees/bee-data/cropped/2024-09-02/14-14-45.png
0,marked,0.99982834,/home/niklas/Documents/dev/uni/bees/bee-data/cropped/2024-09-02/12-14-5.png
0,marked,0.9999225,/home/niklas/Documents/dev/uni/bees/bee-data/cropped/2024-09-02/16-7-39.png
1,unmarked,0.6028544,/home/niklas/Documents/dev/uni/bees/bee-data/cropped/2024-09-02/12-40-23.png
0,marked,0.9918005,/home/niklas/Documents/dev/uni/bees/bee-data/cropped/2024-09-02/16-4-13.png
0,marked,0.7600592,/home/niklas/Documents/dev/uni/bees/bee-data/cropped/2024-09-02/14-42-19.png
1,unmarked,0.60168386,/home/niklas/Documents/dev/uni/bees/bee-data/cropped/2024-09-02/13-39-11.png
1,unmarked,0.570323,/home/niklas/Documents/dev/uni/bees/bee-data/cropped/2024-09-02/13-37-44.png
1,unmarked,0.5996196,/home/niklas/Documents/dev/uni/bees/bee-data/cropped/2024-09-02/12-44-6.png
1,unmarked,0.60342485,/home/niklas/Documents/dev/uni/bees/bee-data/cropped/2024-09-02/12-38-26.png
0,marked,0.98875624,/home/niklas/Documents/dev/uni/bees/bee-data/cropped/2024-09-02/16-4-49.png
0,marked,0.84867066,/home/niklas/Documents/dev/uni/bees/bee-data/cropped/2024-09-02/14-23-1.png
0,marked,0.90450877,/home/niklas/Documents/dev/uni/bees/bee-data/cropped/2024-09-02/14-26-19.png
1,unmarked,0.57181835,/home/niklas/Documents/dev/uni/bees/bee-data/cropped/2024-09-02/12-11-5.png
1,unmarked,0.60379124,/home/niklas/Documents/dev/uni/bees/bee-data/cropped/2024-09-02/13-33-10.png
0,marked,0.991118,/home/niklas/Documents/dev/uni/bees/bee-data/cropped/2024-09-02/15-38-4.png
0,marked,0.53369397,/home/niklas/Documents/dev/uni/bees/bee-data/cropped/2024-09-02/16-3-43.png
0,marked,0.9332229,/home/niklas/Documents/dev/uni/bees/bee-data/cropped/2024-09-02/16-5-36.png
1,unmarked,0.6024512,/home/niklas/Documents/dev/uni/bees/bee-data/cropped/2024-09-02/13-15-0.png
1,unmarked,0.6017069,/home/niklas/Documents/dev/uni/bees/bee-data/cropped/2024-09-02/12-5-19.png
0,marked,0.76768297,/home/niklas/Documents/dev/uni/bees/bee-data/cropped/2024-09-02/15-9-16.png
0,marked,0.9347235,/home/niklas/Documents/dev/uni/bees/bee-data/cropped/2024-09-02/14-26-5.png
1,unmarked,0.6007101,/home/niklas/Documents/dev/uni/bees/bee-data/cropped/2024-09-02/15-49-53.png
0,marked,0.99249774,/home/niklas/Documents/dev/uni/bees/bee-data/cropped/2024-09-02/13-43-14.png
1,unmarked,0.6031477,/home/niklas/Documents/dev/uni/bees/bee-data/cropped/2024-09-02/15-48-33.png
1,unmarked,0.50382006,/home/niklas/Documents/dev/uni/bees/bee-data/cropped/2024-09-02/16-3-0.png
1,unmarked,0.5992491,/home/niklas/Documents/dev/uni/bees/bee-data/cropped/2024-09-02/13-20-39.png
1,unmarked,0.6031688,/home/niklas/Documents/dev/uni/bees/bee-data/cropped/2024-09-02/13-36-15.png
0,marked,0.6670911,/home/niklas/Documents/dev/uni/bees/bee-data/cropped/2024-09-02/15-20-48.png
1,unmarked,0.6018824,/home/niklas/Documents/dev/uni/bees/bee-data/cropped/2024-09-02/12-40-13.png
1,unmarked,0.6035014,/home/niklas/Documents/dev/uni/bees/bee-data/cropped/2024-09-02/12-11-13.png
1,unmarked,0.603015,/home/niklas/Documents/dev/uni/bees/bee-data/cropped/2024-09-02/16-7-48.png
0,marked,0.8715997,/home/niklas/Documents/dev/uni/bees/bee-data/cropped/2024-09-02/12-50-21.png
1,unmarked,0.60277504,/home/niklas/Documents/dev/uni/bees/bee-data/cropped/2024-09-02/14-52-11.png
1,unmarked,0.60338366,/home/niklas/Documents/dev/uni/bees/bee-data/cropped/2024-09-02/13-16-23.png
0,marked,0.9582785,/home/niklas/Documents/dev/uni/bees/bee-data/cropped/2024-09-02/16-5-1.png
1,unmarked,0.52924794,/home/niklas/Documents/dev/uni/bees/bee-data/cropped/2024-09-02/15-19-44.png
1,unmarked,0.603449,/home/niklas/Documents/dev/uni/bees/bee-data/cropped/2024-09-02/13-33-53.png
0,marked,0.98150545,/home/niklas/Documents/dev/uni/bees/bee-data/cropped/2024-09-02/15-45-49.png
0,marked,0.94855404,/home/niklas/Documents/dev/uni/bees/bee-data/cropped/2024-09-02/14-59-14.png
0,marked,0.7937122,/home/niklas/Documents/dev/uni/bees/bee-data/cropped/2024-09-02/14-37-46.png
0,marked,0.6301645,/home/niklas/Documents/dev/uni/bees/bee-data/cropped/2024-09-02/14-38-0.png
1,unmarked,0.58859795,/home/niklas/Documents/dev/uni/bees/bee-data/cropped/2024-09-02/12-6-16.png
1,unmarked,0.6032134,/home/niklas/Documents/dev/uni/bees/bee-data/cropped/2024-09-02/16-10-20.png
0,marked,0.90888906,/home/niklas/Documents/dev/uni/bees/bee-data/cropped/2024-09-02/15-10-36.png
1,unmarked,0.60037994,/home/niklas/Documents/dev/uni/bees/bee-data/cropped/2024-09-02/12-53-14.png
0,marked,0.9974343,/home/niklas/Documents/dev/uni/bees/bee-data/cropped/2024-09-02/15-55-21.png
1,unmarked,0.6015177,/home/niklas/Documents/dev/uni/bees/bee-data/cropped/2024-09-02/13-31-9.png
0,marked,0.6147374,/home/niklas/Documents/dev/uni/bees/bee-data/cropped/2024-09-02/15-26-33.png
1,unmarked,0.60023755,/home/niklas/Documents/dev/uni/bees/bee-data/cropped/2024-09-02/14-39-10.png
0,marked,0.6344031,/home/niklas/Documents/dev/uni/bees/bee-data/cropped/2024-09-02/15-21-51.png
1,unmarked,0.60258937,/home/niklas/Documents/dev/uni/bees/bee-data/cropped/2024-09-02/13-26-25.png
0,marked,0.990724,/home/niklas/Documents/dev/uni/bees/bee-data/cropped/2024-09-02/15-50-11.png
1,unmarked,0.5044007,/home/niklas/Documents/dev/uni/bees/bee-data/cropped/2024-09-02/16-9-22.png
0,marked,0.9915719,/home/niklas/Documents/dev/uni/bees/bee-data/cropped/2024-09-02/15-16-29.png
0,marked,0.9950977,/home/niklas/Documents/dev/uni/bees/bee-data/cropped/2024-09-02/13-44-24.png
0,marked,0.9993666,/home/niklas/Documents/dev/uni/bees/bee-data/cropped/2024-09-02/15-32-9.png
1,unmarked,0.6019121,/home/niklas/Documents/dev/uni/bees/bee-data/cropped/2024-09-02/12-30-30.png
0,marked,0.796923,/home/niklas/Documents/dev/uni/bees/bee-data/cropped/2024-09-02/16-3-6.png
1,unmarked,0.60386175,/home/niklas/Documents/dev/uni/bees/bee-data/cropped/2024-09-02/15-52-33.png
1,unmarked,0.60193914,/home/niklas/Documents/dev/uni/bees/bee-data/cropped/2024-09-02/15-22-36.png
0,marked,0.99975926,/home/niklas/Documents/dev/uni/bees/bee-data/cropped/2024-09-02/14-51-17.png
1,unmarked,0.55419356,/home/niklas/Documents/dev/uni/bees/bee-data/cropped/2024-09-02/13-49-20.png
1,unmarked,0.60359836,/home/niklas/Documents/dev/uni/bees/bee-data/cropped/2024-09-02/12-45-15.png
1,unmarked,0.60356253,/home/niklas/Documents/dev/uni/bees/bee-data/cropped/2024-09-02/15-49-56.png
1,unmarked,0.6036865,/home/niklas/Documents/dev/uni/bees/bee-data/cropped/2024-09-02/14-12-3.png
1,unmarked,0.6024302,/home/niklas/Documents/dev/uni/bees/bee-data/cropped/2024-09-02/15-35-6.png
1,unmarked,0.59853816,/home/niklas/Documents/dev/uni/bees/bee-data/cropped/2024-09-02/14-13-2.png
1,unmarked,0.595168,/home/niklas/Documents/dev/uni/bees/bee-data/cropped/2024-09-02/13-33-19.png
0,marked,0.95899266,/home/niklas/Documents/dev/uni/bees/bee-data/cropped/2024-09-02/15-44-34.png
0,marked,0.96120226,/home/niklas/Documents/dev/uni/bees/bee-data/cropped/2024-09-02/15-51-6.png
0,marked,0.9542737,/home/niklas/Documents/dev/uni/bees/bee-data/cropped/2024-09-02/15-25-47.png
0,marked,0.9527919,/home/niklas/Documents/dev/uni/bees/bee-data/cropped/2024-09-02/14-51-12.png
0,marked,0.96174145,/home/niklas/Documents/dev/uni/bees/bee-data/cropped/2024-09-02/14-58-15.png
0,marked,0.9619394,/home/niklas/Documents/dev/uni/bees/bee-data/cropped/2024-09-02/13-42-4.png
0,marked,0.9461671,/home/niklas/Documents/dev/uni/bees/bee-data/cropped/2024-09-02/13-51-6.png
1,unmarked,0.60374516,/home/niklas/Documents/dev/uni/bees/bee-data/cropped/2024-09-02/16-9-68.png
1,unmarked,0.60347795,/home/niklas/Documents/dev/uni/bees/bee-data/cropped/2024-09-02/13-17-42.png
0,marked,0.9898816,/home/niklas/Documents/dev/uni/bees/bee-data/cropped/2024-09-02/12-54-10.png
1,unmarked,0.6026912,/home/niklas/Documents/dev/uni/bees/bee-data/cropped/2024-09-02/16-9-46.png
1,unmarked,0.6034948,/home/niklas/Documents/dev/uni/bees/bee-data/cropped/2024-09-02/13-12-29.png
1,unmarked,0.6012608,/home/niklas/Documents/dev/uni/bees/bee-data/cropped/2024-09-02/12-20-3.png
1,unmarked,0.6017264,/home/niklas/Documents/dev/uni/bees/bee-data/cropped/2024-09-02/14-44-1.png
0,marked,0.59218496,/home/niklas/Documents/dev/uni/bees/bee-data/cropped/2024-09-02/15-5-32.png
0,marked,0.59287804,/home/niklas/Documents/dev/uni/bees/bee-data/cropped/2024-09-02/13-52-29.png
1,unmarked,0.56618035,/home/niklas/Documents/dev/uni/bees/bee-data/cropped/2024-09-02/14-38-14.png
0,marked,0.80448383,/home/niklas/Documents/dev/uni/bees/bee-data/cropped/2024-09-02/14-53-8.png
0,marked,0.99970573,/home/niklas/Documents/dev/uni/bees/bee-data/cropped/2024-09-02/13-20-30.png
0,marked,0.9930118,/home/niklas/Documents/dev/uni/bees/bee-data/cropped/2024-09-02/14-2-11.png
1,unmarked,0.6000581,/home/niklas/Documents/dev/uni/bees/bee-data/cropped/2024-09-02/15-57-44.png
1,unmarked,0.60319245,/home/niklas/Documents/dev/uni/bees/bee-data/cropped/2024-09-02/14-43-50.png
0,marked,0.9554824,/home/niklas/Documents/dev/uni/bees/bee-data/cropped/2024-09-02/13-34-4.png
1,unmarked,0.5965725,/home/niklas/Documents/dev/uni/bees/bee-data/cropped/2024-09-02/13-20-3.png
1,unmarked,0.6009555,/home/niklas/Documents/dev/uni/bees/bee-data/cropped/2024-09-02/13-11-32.png
0,marked,0.77923346,/home/niklas/Documents/dev/uni/bees/bee-data/cropped/2024-09-02/12-7-11.png
1,unmarked,0.60184115,/home/niklas/Documents/dev/uni/bees/bee-data/cropped/2024-09-02/12-38-4.png
1,unmarked,0.6037847,/home/niklas/Documents/dev/uni/bees/bee-data/cropped/2024-09-02/12-56-14.png
1,unmarked,0.60375655,/home/niklas/Documents/dev/uni/bees/bee-data/cropped/2024-09-02/16-10-1.png
0,marked,0.9723299,/home/niklas/Documents/dev/uni/bees/bee-data/cropped/2024-09-02/14-47-3.png
0,marked,0.91433454,/home/niklas/Documents/dev/uni/bees/bee-data/cropped/2024-09-02/12-29-18.png
0,marked,0.8873219,/home/niklas/Documents/dev/uni/bees/bee-data/cropped/2024-09-02/14-4-30.png
0,marked,0.9892783,/home/niklas/Documents/dev/uni/bees/bee-data/cropped/2024-09-02/14-53-4.png
0,marked,0.98768693,/home/niklas/Documents/dev/uni/bees/bee-data/cropped/2024-09-02/15-6-29.png
0,marked,0.9795659,/home/niklas/Documents/dev/uni/bees/bee-data/cropped/2024-09-02/13-41-27.png
1,unmarked,0.5985765,/home/niklas/Documents/dev/uni/bees/bee-data/cropped/2024-09-02/14-14-43.png
1,unmarked,0.6035705,/home/niklas/Documents/dev/uni/bees/bee-data/cropped/2024-09-02/12-26-9.png
0,marked,0.99505806,/home/niklas/Documents/dev/uni/bees/bee-data/cropped/2024-09-02/15-24-37.png
0,marked,0.9998697,/home/niklas/Documents/dev/uni/bees/bee-data/cropped/2024-09-02/14-9-7.png
1,unmarked,0.56736153,/home/niklas/Documents/dev/uni/bees/bee-data/cropped/2024-09-02/15-11-39.png
0,marked,0.9971957,/home/niklas/Documents/dev/uni/bees/bee-data/cropped/2024-09-02/13-30-37.png
1,unmarked,0.5992982,/home/niklas/Documents/dev/uni/bees/bee-data/cropped/2024-09-02/12-2-1.png
0,marked,0.8051823,/home/niklas/Documents/dev/uni/bees/bee-data/cropped/2024-09-02/15-41-4.png
1,unmarked,0.5712704,/home/niklas/Documents/dev/uni/bees/bee-data/cropped/2024-09-02/12-7-5.png
1,unmarked,0.60254794,/home/niklas/Documents/dev/uni/bees/bee-data/cropped/2024-09-02/13-12-51.png
1,unmarked,0.6000866,/home/niklas/Documents/dev/uni/bees/bee-data/cropped/2024-09-02/13-33-14.png
1,unmarked,0.59944504,/home/niklas/Documents/dev/uni/bees/bee-data/cropped/2024-09-02/13-55-18.png
1,unmarked,0.5247508,/home/niklas/Documents/dev/uni/bees/bee-data/cropped/2024-09-02/14-36-22.png
0,marked,0.92197186,/home/niklas/Documents/dev/uni/bees/bee-data/cropped/2024-09-02/14-54-2.png
1,unmarked,0.5924879,/home/niklas/Documents/dev/uni/bees/bee-data/cropped/2024-09-02/13-51-7.png
1,unmarked,0.6029473,/home/niklas/Documents/dev/uni/bees/bee-data/cropped/2024-09-02/13-49-29.png
1,unmarked,0.58418196,/home/niklas/Documents/dev/uni/bees/bee-data/cropped/2024-09-02/12-6-0.png
0,marked,0.99223137,/home/niklas/Documents/dev/uni/bees/bee-data/cropped/2024-09-02/13-38-16.png
0,marked,0.96101844,/home/niklas/Documents/dev/uni/bees/bee-data/cropped/2024-09-02/13-48-48.png
0,marked,0.96952325,/home/niklas/Documents/dev/uni/bees/bee-data/cropped/2024-09-02/14-8-26.png
1,unmarked,0.60314006,/home/niklas/Documents/dev/uni/bees/bee-data/cropped/2024-09-02/13-13-39.png
1,unmarked,0.60103923,/home/niklas/Documents/dev/uni/bees/bee-data/cropped/2024-09-02/13-33-37.png
1,unmarked,0.6028382,/home/niklas/Documents/dev/uni/bees/bee-data/cropped/2024-09-02/12-4-2.png
1,unmarked,0.6013561,/home/niklas/Documents/dev/uni/bees/bee-data/cropped/2024-09-02/13-34-58.png
0,marked,0.99147344,/home/niklas/Documents/dev/uni/bees/bee-data/cropped/2024-09-02/14-41-40.png
0,marked,0.99407214,/home/niklas/Documents/dev/uni/bees/bee-data/cropped/2024-09-02/13-41-25.png
0,marked,0.9284061,/home/niklas/Documents/dev/uni/bees/bee-data/cropped/2024-09-02/15-11-1.png
0,marked,0.858935,/home/niklas/Documents/dev/uni/bees/bee-data/cropped/2024-09-02/14-46-19.png
0,marked,0.9278159,/home/niklas/Documents/dev/uni/bees/bee-data/cropped/2024-09-02/14-30-6.png
1,unmarked,0.59126174,/home/niklas/Documents/dev/uni/bees/bee-data/cropped/2024-09-02/14-34-39.png
1,unmarked,0.60385126,/home/niklas/Documents/dev/uni/bees/bee-data/cropped/2024-09-02/13-15-2.png
1,unmarked,0.6032089,/home/niklas/Documents/dev/uni/bees/bee-data/cropped/2024-09-02/13-19-47.png
1,unmarked,0.60403377,/home/niklas/Documents/dev/uni/bees/bee-data/cropped/2024-09-02/13-32-31.png
0,marked,0.5583041,/home/niklas/Documents/dev/uni/bees/bee-data/cropped/2024-09-02/15-51-11.png
0,marked,0.9989949,/home/niklas/Documents/dev/uni/bees/bee-data/cropped/2024-09-02/15-10-44.png
0,marked,0.9999237,/home/niklas/Documents/dev/uni/bees/bee-data/cropped/2024-09-02/16-6-20.png
1,unmarked,0.60268074,/home/niklas/Documents/dev/uni/bees/bee-data/cropped/2024-09-02/12-33-16.png
1,unmarked,0.60072047,/home/niklas/Documents/dev/uni/bees/bee-data/cropped/2024-09-02/13-20-15.png
1,unmarked,0.60344857,/home/niklas/Documents/dev/uni/bees/bee-data/cropped/2024-09-02/13-34-47.png
1,unmarked,0.5755162,/home/niklas/Documents/dev/uni/bees/bee-data/cropped/2024-09-02/12-33-7.png
0,marked,0.77008796,/home/niklas/Documents/dev/uni/bees/bee-data/cropped/2024-09-02/16-3-27.png
1,unmarked,0.5953981,/home/niklas/Documents/dev/uni/bees/bee-data/cropped/2024-09-02/13-10-22.png
0,marked,0.9736197,/home/niklas/Documents/dev/uni/bees/bee-data/cropped/2024-09-02/14-16-33.png
1,unmarked,0.5978611,/home/niklas/Documents/dev/uni/bees/bee-data/cropped/2024-09-02/14-38-34.png
1,unmarked,0.60362005,/home/niklas/Documents/dev/uni/bees/bee-data/cropped/2024-09-02/16-9-47.png
0,marked,0.98325145,/home/niklas/Documents/dev/uni/bees/bee-data/cropped/2024-09-02/13-48-21.png
0,marked,0.9743056,/home/niklas/Documents/dev/uni/bees/bee-data/cropped/2024-09-02/14-22-19.png
0,marked,0.9976694,/home/niklas/Documents/dev/uni/bees/bee-data/cropped/2024-09-02/14-38-46.png
1,unmarked,0.57623345,/home/niklas/Documents/dev/uni/bees/bee-data/cropped/2024-09-02/14-10-6.png
0,marked,0.9429223,/home/niklas/Documents/dev/uni/bees/bee-data/cropped/2024-09-02/14-59-27.png
0,marked,0.99989045,/home/niklas/Documents/dev/uni/bees/bee-data/cropped/2024-09-02/13-34-0.png
0,marked,0.99058026,/home/niklas/Documents/dev/uni/bees/bee-data/cropped/2024-09-02/14-49-9.png
0,marked,0.9995189,/home/niklas/Documents/dev/uni/bees/bee-data/cropped/2024-09-02/14-56-26.png
1,unmarked,0.60123307,/home/niklas/Documents/dev/uni/bees/bee-data/cropped/2024-09-02/13-33-20.png
0,marked,0.9989184,/home/niklas/Documents/dev/uni/bees/bee-data/cropped/2024-09-02/13-44-2.png
1,unmarked,0.5981282,/home/niklas/Documents/dev/uni/bees/bee-data/cropped/2024-09-02/12-6-13.png
0,marked,0.91625553,/home/niklas/Documents/dev/uni/bees/bee-data/cropped/2024-09-02/15-51-57.png
0,marked,0.9794038,/home/niklas/Documents/dev/uni/bees/bee-data/cropped/2024-09-02/14-35-30.png
1,unmarked,0.5906642,/home/niklas/Documents/dev/uni/bees/bee-data/cropped/2024-09-02/13-42-30.png
0,marked,0.96647406,/home/niklas/Documents/dev/uni/bees/bee-data/cropped/2024-09-02/14-36-9.png
1,unmarked,0.5656638,/home/niklas/Documents/dev/uni/bees/bee-data/cropped/2024-09-02/14-40-23.png
0,marked,0.92801154,/home/niklas/Documents/dev/uni/bees/bee-data/cropped/2024-09-02/13-33-11.png
0,marked,0.7614978,/home/niklas/Documents/dev/uni/bees/bee-data/cropped/2024-09-02/15-9-24.png
1,unmarked,0.6020174,/home/niklas/Documents/dev/uni/bees/bee-data/cropped/2024-09-02/13-13-10.png
0,marked,0.7950584,/home/niklas/Documents/dev/uni/bees/bee-data/cropped/2024-09-02/15-48-13.png
1,unmarked,0.6027982,/home/niklas/Documents/dev/uni/bees/bee-data/cropped/2024-09-02/13-12-5.png
0,marked,0.99370015,/home/niklas/Documents/dev/uni/bees/bee-data/cropped/2024-09-02/15-25-18.png
1,unmarked,0.5870283,/home/niklas/Documents/dev/uni/bees/bee-data/cropped/2024-09-02/13-12-48.png
1,unmarked,0.58590096,/home/niklas/Documents/dev/uni/bees/bee-data/cropped/2024-09-02/16-9-40.png
0,marked,0.9870861,/home/niklas/Documents/dev/uni/bees/bee-data/cropped/2024-09-02/16-2-24.png
1,unmarked,0.59682256,/home/niklas/Documents/dev/uni/bees/bee-data/cropped/2024-09-02/13-47-9.png
1,unmarked,0.60291123,/home/niklas/Documents/dev/uni/bees/bee-data/cropped/2024-09-02/13-15-16.png
0,marked,0.71731186,/home/niklas/Documents/dev/uni/bees/bee-data/cropped/2024-09-02/13-51-18.png
1,unmarked,0.5997366,/home/niklas/Documents/dev/uni/bees/bee-data/cropped/2024-09-02/14-12-25.png
1,unmarked,0.60109895,/home/niklas/Documents/dev/uni/bees/bee-data/cropped/2024-09-02/12-25-35.png
1,unmarked,0.546362,/home/niklas/Documents/dev/uni/bees/bee-data/cropped/2024-09-02/14-40-10.png
1,unmarked,0.60290784,/home/niklas/Documents/dev/uni/bees/bee-data/cropped/2024-09-02/13-14-24.png
0,marked,0.9908303,/home/niklas/Documents/dev/uni/bees/bee-data/cropped/2024-09-02/14-42-26.png
1,unmarked,0.6030274,/home/niklas/Documents/dev/uni/bees/bee-data/cropped/2024-09-02/15-1-0.png
0,marked,0.9235636,/home/niklas/Documents/dev/uni/bees/bee-data/cropped/2024-09-02/14-51-19.png
1,unmarked,0.5313807,/home/niklas/Documents/dev/uni/bees/bee-data/cropped/2024-09-02/12-4-10.png
0,marked,0.99837035,/home/niklas/Documents/dev/uni/bees/bee-data/cropped/2024-09-02/13-41-32.png
0,marked,0.99760795,/home/niklas/Documents/dev/uni/bees/bee-data/cropped/2024-09-02/13-44-25.png
1,unmarked,0.60228634,/home/niklas/Documents/dev/uni/bees/bee-data/cropped/2024-09-02/14-7-0.png
1,unmarked,0.5505904,/home/niklas/Documents/dev/uni/bees/bee-data/cropped/2024-09-02/12-4-24.png
0,marked,0.9253097,/home/niklas/Documents/dev/uni/bees/bee-data/cropped/2024-09-02/14-44-15.png
1,unmarked,0.60362864,/home/niklas/Documents/dev/uni/bees/bee-data/cropped/2024-09-02/12-27-43.png
0,marked,0.65067345,/home/niklas/Documents/dev/uni/bees/bee-data/cropped/2024-09-02/15-31-37.png
1,unmarked,0.54069954,/home/niklas/Documents/dev/uni/bees/bee-data/cropped/2024-09-02/15-13-36.png
1,unmarked,0.60191095,/home/niklas/Documents/dev/uni/bees/bee-data/cropped/2024-09-02/14-40-6.png
1,unmarked,0.6029559,/home/niklas/Documents/dev/uni/bees/bee-data/cropped/2024-09-02/15-20-39.png
1,unmarked,0.6034521,/home/niklas/Documents/dev/uni/bees/bee-data/cropped/2024-09-02/15-48-27.png
1,unmarked,0.60250705,/home/niklas/Documents/dev/uni/bees/bee-data/cropped/2024-09-02/13-34-55.png
1,unmarked,0.6037453,/home/niklas/Documents/dev/uni/bees/bee-data/cropped/2024-09-02/13-12-46.png
1,unmarked,0.556501,/home/niklas/Documents/dev/uni/bees/bee-data/cropped/2024-09-02/15-59-39.png
1,unmarked,0.6030809,/home/niklas/Documents/dev/uni/bees/bee-data/cropped/2024-09-02/14-3-8.png
1,unmarked,0.58676076,/home/niklas/Documents/dev/uni/bees/bee-data/cropped/2024-09-02/13-35-34.png
0,marked,0.9090035,/home/niklas/Documents/dev/uni/bees/bee-data/cropped/2024-09-02/15-32-35.png
0,marked,0.99713045,/home/niklas/Documents/dev/uni/bees/bee-data/cropped/2024-09-02/15-52-1.png
0,marked,0.98838985,/home/niklas/Documents/dev/uni/bees/bee-data/cropped/2024-09-02/14-53-14.png
1,unmarked,0.6034644,/home/niklas/Documents/dev/uni/bees/bee-data/cropped/2024-09-02/13-20-5.png
0,marked,0.7192325,/home/niklas/Documents/dev/uni/bees/bee-data/cropped/2024-09-02/15-16-56.png
1,unmarked,0.5993697,/home/niklas/Documents/dev/uni/bees/bee-data/cropped/2024-09-02/15-55-36.png
1,unmarked,0.5996151,/home/niklas/Documents/dev/uni/bees/bee-data/cropped/2024-09-02/12-57-7.png
1,unmarked,0.60220534,/home/niklas/Documents/dev/uni/bees/bee-data/cropped/2024-09-02/12-47-28.png
1,unmarked,0.6030179,/home/niklas/Documents/dev/uni/bees/bee-data/cropped/2024-09-02/14-31-45.png
0,marked,0.9993286,/home/niklas/Documents/dev/uni/bees/bee-data/cropped/2024-09-02/13-23-2.png
0,marked,0.99669147,/home/niklas/Documents/dev/uni/bees/bee-data/cropped/2024-09-02/13-18-35.png
0,marked,0.7009676,/home/niklas/Documents/dev/uni/bees/bee-data/cropped/2024-09-02/15-55-11.png
1,unmarked,0.60311747,/home/niklas/Documents/dev/uni/bees/bee-data/cropped/2024-09-02/15-58-43.png
0,marked,0.9995246,/home/niklas/Documents/dev/uni/bees/bee-data/cropped/2024-09-02/13-42-29.png
1,unmarked,0.60337144,/home/niklas/Documents/dev/uni/bees/bee-data/cropped/2024-09-02/15-48-36.png
0,marked,0.9360615,/home/niklas/Documents/dev/uni/bees/bee-data/cropped/2024-09-02/14-8-8.png
0,marked,0.9752586,/home/niklas/Documents/dev/uni/bees/bee-data/cropped/2024-09-02/15-7-0.png
1,unmarked,0.60299283,/home/niklas/Documents/dev/uni/bees/bee-data/cropped/2024-09-02/15-51-43.png
0,marked,0.96804684,/home/niklas/Documents/dev/uni/bees/bee-data/cropped/2024-09-02/15-56-3.png
0,marked,0.70661396,/home/niklas/Documents/dev/uni/bees/bee-data/cropped/2024-09-02/14-34-22.png
0,marked,0.9374651,/home/niklas/Documents/dev/uni/bees/bee-data/cropped/2024-09-02/13-39-24.png
0,marked,0.9934263,/home/niklas/Documents/dev/uni/bees/bee-data/cropped/2024-09-02/14-59-5.png
0,marked,0.62412,/home/niklas/Documents/dev/uni/bees/bee-data/cropped/2024-09-02/13-50-28.png
0,marked,0.99977356,/home/niklas/Documents/dev/uni/bees/bee-data/cropped/2024-09-02/13-24-23.png
1,unmarked,0.6036079,/home/niklas/Documents/dev/uni/bees/bee-data/cropped/2024-09-02/14-11-38.png
1,unmarked,0.60335284,/home/niklas/Documents/dev/uni/bees/bee-data/cropped/2024-09-02/13-11-52.png
0,marked,0.9996966,/home/niklas/Documents/dev/uni/bees/bee-data/cropped/2024-09-02/14-20-27.png
1,unmarked,0.6026226,/home/niklas/Documents/dev/uni/bees/bee-data/cropped/2024-09-02/15-51-23.png
1,unmarked,0.60040694,/home/niklas/Documents/dev/uni/bees/bee-data/cropped/2024-09-02/13-12-18.png
1,unmarked,0.597568,/home/niklas/Documents/dev/uni/bees/bee-data/cropped/2024-09-02/15-45-14.png
1,unmarked,0.6008975,/home/niklas/Documents/dev/uni/bees/bee-data/cropped/2024-09-02/12-39-1.png
0,marked,0.8587689,/home/niklas/Documents/dev/uni/bees/bee-data/cropped/2024-09-02/14-39-11.png
0,marked,0.9384657,/home/niklas/Documents/dev/uni/bees/bee-data/cropped/2024-09-02/15-25-37.png
1,unmarked,0.5681335,/home/niklas/Documents/dev/uni/bees/bee-data/cropped/2024-09-02/12-50-39.png
0,marked,0.5359945,/home/niklas/Documents/dev/uni/bees/bee-data/cropped/2024-09-02/13-32-22.png
0,marked,0.9803859,/home/niklas/Documents/dev/uni/bees/bee-data/cropped/2024-09-02/14-34-27.png
0,marked,0.9999008,/home/niklas/Documents/dev/uni/bees/bee-data/cropped/2024-09-02/13-34-27.png
1,unmarked,0.5889905,/home/niklas/Documents/dev/uni/bees/bee-data/cropped/2024-09-02/12-27-30.png
1,unmarked,0.6035524,/home/niklas/Documents/dev/uni/bees/bee-data/cropped/2024-09-02/12-39-39.png
0,marked,0.5465185,/home/niklas/Documents/dev/uni/bees/bee-data/cropped/2024-09-02/13-28-5.png
1,unmarked,0.60093534,/home/niklas/Documents/dev/uni/bees/bee-data/cropped/2024-09-02/13-32-16.png
0,marked,0.76628876,/home/niklas/Documents/dev/uni/bees/bee-data/cropped/2024-09-02/15-14-35.png
1,unmarked,0.602483,/home/niklas/Documents/dev/uni/bees/bee-data/cropped/2024-09-02/15-48-21.png
1,unmarked,0.60217494,/home/niklas/Documents/dev/uni/bees/bee-data/cropped/2024-09-02/12-27-34.png
0,marked,0.97938365,/home/niklas/Documents/dev/uni/bees/bee-data/cropped/2024-09-02/15-55-20.png
0,marked,0.99967754,/home/niklas/Documents/dev/uni/bees/bee-data/cropped/2024-09-02/13-33-57.png
0,marked,0.99987483,/home/niklas/Documents/dev/uni/bees/bee-data/cropped/2024-09-02/15-46-59.png
0,marked,0.99893683,/home/niklas/Documents/dev/uni/bees/bee-data/cropped/2024-09-02/15-55-19.png
1,unmarked,0.55948687,/home/niklas/Documents/dev/uni/bees/bee-data/cropped/2024-09-02/13-41-33.png
1,unmarked,0.6028115,/home/niklas/Documents/dev/uni/bees/bee-data/cropped/2024-09-02/13-9-13.png
1,unmarked,0.60133445,/home/niklas/Documents/dev/uni/bees/bee-data/cropped/2024-09-02/14-52-20.png
1,unmarked,0.6018471,/home/niklas/Documents/dev/uni/bees/bee-data/cropped/2024-09-02/13-13-46.png
0,marked,0.60779357,/home/niklas/Documents/dev/uni/bees/bee-data/cropped/2024-09-02/14-25-11.png
0,marked,0.9995913,/home/niklas/Documents/dev/uni/bees/bee-data/cropped/2024-09-02/14-16-46.png
0,marked,0.5287006,/home/niklas/Documents/dev/uni/bees/bee-data/cropped/2024-09-02/16-9-39.png
0,marked,0.70455354,/home/niklas/Documents/dev/uni/bees/bee-data/cropped/2024-09-02/13-38-10.png
0,marked,0.9998628,/home/niklas/Documents/dev/uni/bees/bee-data/cropped/2024-09-02/14-43-49.png
0,marked,0.99022675,/home/niklas/Documents/dev/uni/bees/bee-data/cropped/2024-09-02/14-56-23.png
1,unmarked,0.6036654,/home/niklas/Documents/dev/uni/bees/bee-data/cropped/2024-09-02/13-15-7.png
1,unmarked,0.5815414,/home/niklas/Documents/dev/uni/bees/bee-data/cropped/2024-09-02/14-43-27.png
0,marked,0.5873637,/home/niklas/Documents/dev/uni/bees/bee-data/cropped/2024-09-02/15-21-60.png
1,unmarked,0.5977709,/home/niklas/Documents/dev/uni/bees/bee-data/cropped/2024-09-02/13-35-48.png
1,unmarked,0.6025997,/home/niklas/Documents/dev/uni/bees/bee-data/cropped/2024-09-02/15-29-26.png
1,unmarked,0.6001223,/home/niklas/Documents/dev/uni/bees/bee-data/cropped/2024-09-02/16-1-31.png
0,marked,0.93241274,/home/niklas/Documents/dev/uni/bees/bee-data/cropped/2024-09-02/16-7-50.png
0,marked,0.9991892,/home/niklas/Documents/dev/uni/bees/bee-data/cropped/2024-09-02/13-47-21.png
0,marked,0.99994683,/home/niklas/Documents/dev/uni/bees/bee-data/cropped/2024-09-02/14-53-3.png
0,marked,0.9999845,/home/niklas/Documents/dev/uni/bees/bee-data/cropped/2024-09-02/13-12-0.png
1,unmarked,0.5999478,/home/niklas/Documents/dev/uni/bees/bee-data/cropped/2024-09-02/13-51-11.png
0,marked,0.9910753,/home/niklas/Documents/dev/uni/bees/bee-data/cropped/2024-09-02/12-6-12.png
1,unmarked,0.6036362,/home/niklas/Documents/dev/uni/bees/bee-data/cropped/2024-09-02/12-4-26.png
0,marked,0.8419516,/home/niklas/Documents/dev/uni/bees/bee-data/cropped/2024-09-02/14-46-10.png
0,marked,0.75678957,/home/niklas/Documents/dev/uni/bees/bee-data/cropped/2024-09-02/14-23-6.png
0,marked,0.98859334,/home/niklas/Documents/dev/uni/bees/bee-data/cropped/2024-09-02/15-0-21.png
0,marked,0.8208143,/home/niklas/Documents/dev/uni/bees/bee-data/cropped/2024-09-02/13-18-40.png
1,unmarked,0.6023705,/home/niklas/Documents/dev/uni/bees/bee-data/cropped/2024-09-02/13-27-54.png
1,unmarked,0.6023383,/home/niklas/Documents/dev/uni/bees/bee-data/cropped/2024-09-02/13-14-11.png
0,marked,0.97845775,/home/niklas/Documents/dev/uni/bees/bee-data/cropped/2024-09-02/15-52-57.png
0,marked,0.99564594,/home/niklas/Documents/dev/uni/bees/bee-data/cropped/2024-09-02/13-37-25.png
1,unmarked,0.6032599,/home/niklas/Documents/dev/uni/bees/bee-data/cropped/2024-09-02/12-28-9.png
0,marked,0.88764006,/home/niklas/Documents/dev/uni/bees/bee-data/cropped/2024-09-02/13-45-40.png
0,marked,0.92855084,/home/niklas/Documents/dev/uni/bees/bee-data/cropped/2024-09-02/15-45-39.png
0,marked,0.9834911,/home/niklas/Documents/dev/uni/bees/bee-data/cropped/2024-09-02/15-29-30.png
0,marked,0.9115391,/home/niklas/Documents/dev/uni/bees/bee-data/cropped/2024-09-02/15-50-25.png
1,unmarked,0.6029183,/home/niklas/Documents/dev/uni/bees/bee-data/cropped/2024-09-02/15-58-34.png
1,unmarked,0.5264025,/home/niklas/Documents/dev/uni/bees/bee-data/cropped/2024-09-02/13-11-38.png
0,marked,0.99887055,/home/niklas/Documents/dev/uni/bees/bee-data/cropped/2024-09-02/14-41-18.png
0,marked,0.99952126,/home/niklas/Documents/dev/uni/bees/bee-data/cropped/2024-09-02/13-57-53.png
1,unmarked,0.6031689,/home/niklas/Documents/dev/uni/bees/bee-data/cropped/2024-09-02/13-36-36.png
0,marked,0.96570945,/home/niklas/Documents/dev/uni/bees/bee-data/cropped/2024-09-02/15-57-37.png
1,unmarked,0.60399634,/home/niklas/Documents/dev/uni/bees/bee-data/cropped/2024-09-02/12-37-38.png
0,marked,0.8089939,/home/niklas/Documents/dev/uni/bees/bee-data/cropped/2024-09-02/14-51-18.png
1,unmarked,0.6024708,/home/niklas/Documents/dev/uni/bees/bee-data/cropped/2024-09-02/12-42-28.png
1,unmarked,0.6002846,/home/niklas/Documents/dev/uni/bees/bee-data/cropped/2024-09-02/12-59-8.png
0,marked,0.918151,/home/niklas/Documents/dev/uni/bees/bee-data/cropped/2024-09-02/15-1-14.png
1,unmarked,0.5974705,/home/niklas/Documents/dev/uni/bees/bee-data/cropped/2024-09-02/12-5-11.png
0,marked,0.8805451,/home/niklas/Documents/dev/uni/bees/bee-data/cropped/2024-09-02/14-59-8.png
0,marked,0.79143244,/home/niklas/Documents/dev/uni/bees/bee-data/cropped/2024-09-02/14-31-11.png
0,marked,0.8640768,/home/niklas/Documents/dev/uni/bees/bee-data/cropped/2024-09-02/15-24-24.png
1,unmarked,0.6011146,/home/niklas/Documents/dev/uni/bees/bee-data/cropped/2024-09-02/13-20-9.png
1,unmarked,0.60395616,/home/niklas/Documents/dev/uni/bees/bee-data/cropped/2024-09-02/13-34-64.png
0,marked,0.9995272,/home/niklas/Documents/dev/uni/bees/bee-data/cropped/2024-09-02/15-47-32.png
1,unmarked,0.6019238,/home/niklas/Documents/dev/uni/bees/bee-data/cropped/2024-09-02/13-8-22.png
0,marked,0.63068885,/home/niklas/Documents/dev/uni/bees/bee-data/cropped/2024-09-02/15-21-48.png
0,marked,0.97183865,/home/niklas/Documents/dev/uni/bees/bee-data/cropped/2024-09-02/15-2-1.png
1,unmarked,0.6028446,/home/niklas/Documents/dev/uni/bees/bee-data/cropped/2024-09-02/12-12-7.png
1,unmarked,0.5934611,/home/niklas/Documents/dev/uni/bees/bee-data/cropped/2024-09-02/13-6-24.png
0,marked,0.91009283,/home/niklas/Documents/dev/uni/bees/bee-data/cropped/2024-09-02/15-40-19.png
1,unmarked,0.6017894,/home/niklas/Documents/dev/uni/bees/bee-data/cropped/2024-09-02/16-9-30.png
0,marked,0.99178386,/home/niklas/Documents/dev/uni/bees/bee-data/cropped/2024-09-02/13-12-37.png
1,unmarked,0.6022865,/home/niklas/Documents/dev/uni/bees/bee-data/cropped/2024-09-02/15-51-49.png
0,marked,0.69407815,/home/niklas/Documents/dev/uni/bees/bee-data/cropped/2024-09-02/12-27-32.png
0,marked,0.69842285,/home/niklas/Documents/dev/uni/bees/bee-data/cropped/2024-09-02/13-58-4.png
0,marked,0.9762808,/home/niklas/Documents/dev/uni/bees/bee-data/cropped/2024-09-02/15-50-49.png
1,unmarked,0.59840196,/home/niklas/Documents/dev/uni/bees/bee-data/cropped/2024-09-02/12-6-14.png
0,marked,0.9919701,/home/niklas/Documents/dev/uni/bees/bee-data/cropped/2024-09-02/15-37-28.png
1,unmarked,0.5509824,/home/niklas/Documents/dev/uni/bees/bee-data/cropped/2024-09-02/15-51-51.png
1,unmarked,0.59559757,/home/niklas/Documents/dev/uni/bees/bee-data/cropped/2024-09-02/12-6-24.png
0,marked,0.96869355,/home/niklas/Documents/dev/uni/bees/bee-data/cropped/2024-09-02/15-24-5.png
0,marked,0.9692165,/home/niklas/Documents/dev/uni/bees/bee-data/cropped/2024-09-02/15-8-26.png
0,marked,0.99393046,/home/niklas/Documents/dev/uni/bees/bee-data/cropped/2024-09-02/16-4-22.png
0,marked,0.72614676,/home/niklas/Documents/dev/uni/bees/bee-data/cropped/2024-09-02/14-52-2.png
1,unmarked,0.60267943,/home/niklas/Documents/dev/uni/bees/bee-data/cropped/2024-09-02/13-12-36.png
1,unmarked,0.60156727,/home/niklas/Documents/dev/uni/bees/bee-data/cropped/2024-09-02/14-14-1.png
1,unmarked,0.60310096,/home/niklas/Documents/dev/uni/bees/bee-data/cropped/2024-09-02/15-59-40.png
0,marked,0.8667355,/home/niklas/Documents/dev/uni/bees/bee-data/cropped/2024-09-02/15-28-57.png
0,marked,0.96636784,/home/niklas/Documents/dev/uni/bees/bee-data/cropped/2024-09-02/16-2-19.png
0,marked,0.9997383,/home/niklas/Documents/dev/uni/bees/bee-data/cropped/2024-09-02/14-1-9.png
1,unmarked,0.6028345,/home/niklas/Documents/dev/uni/bees/bee-data/cropped/2024-09-02/12-39-2.png
0,marked,0.74253815,/home/niklas/Documents/dev/uni/bees/bee-data/cropped/2024-09-02/14-24-28.png
0,marked,0.95281357,/home/niklas/Documents/dev/uni/bees/bee-data/cropped/2024-09-02/15-7-44.png
1,unmarked,0.6007989,/home/niklas/Documents/dev/uni/bees/bee-data/cropped/2024-09-02/13-13-6.png
1,unmarked,0.60255206,/home/niklas/Documents/dev/uni/bees/bee-data/cropped/2024-09-02/14-58-11.png
1,unmarked,0.6028518,/home/niklas/Documents/dev/uni/bees/bee-data/cropped/2024-09-02/16-0-16.png
1,unmarked,0.5267389,/home/niklas/Documents/dev/uni/bees/bee-data/cropped/2024-09-02/13-37-7.png
1,unmarked,0.6012104,/home/niklas/Documents/dev/uni/bees/bee-data/cropped/2024-09-02/13-13-42.png
1,unmarked,0.6016606,/home/niklas/Documents/dev/uni/bees/bee-data/cropped/2024-09-02/12-5-1.png
0,marked,0.93519264,/home/niklas/Documents/dev/uni/bees/bee-data/cropped/2024-09-02/14-16-30.png
0,marked,0.9982597,/home/niklas/Documents/dev/uni/bees/bee-data/cropped/2024-09-02/14-52-8.png
1,unmarked,0.6021546,/home/niklas/Documents/dev/uni/bees/bee-data/cropped/2024-09-02/14-34-4.png
1,unmarked,0.6020846,/home/niklas/Documents/dev/uni/bees/bee-data/cropped/2024-09-02/12-9-7.png
1,unmarked,0.6002613,/home/niklas/Documents/dev/uni/bees/bee-data/cropped/2024-09-02/12-7-0.png
0,marked,0.9162115,/home/niklas/Documents/dev/uni/bees/bee-data/cropped/2024-09-02/13-4-24.png
1,unmarked,0.6038214,/home/niklas/Documents/dev/uni/bees/bee-data/cropped/2024-09-02/13-13-27.png
0,marked,0.84465617,/home/niklas/Documents/dev/uni/bees/bee-data/cropped/2024-09-02/14-20-43.png
0,marked,0.9806805,/home/niklas/Documents/dev/uni/bees/bee-data/cropped/2024-09-02/15-9-21.png
0,marked,0.5429803,/home/niklas/Documents/dev/uni/bees/bee-data/cropped/2024-09-02/13-12-53.png
0,marked,0.81532973,/home/niklas/Documents/dev/uni/bees/bee-data/cropped/2024-09-02/16-0-1.png
1,unmarked,0.6039805,/home/niklas/Documents/dev/uni/bees/bee-data/cropped/2024-09-02/14-12-32.png
0,marked,0.9800481,/home/niklas/Documents/dev/uni/bees/bee-data/cropped/2024-09-02/13-53-15.png
1,unmarked,0.6030383,/home/niklas/Documents/dev/uni/bees/bee-data/cropped/2024-09-02/12-7-6.png
1,unmarked,0.5996904,/home/niklas/Documents/dev/uni/bees/bee-data/cropped/2024-09-02/13-18-32.png
0,marked,0.9295699,/home/niklas/Documents/dev/uni/bees/bee-data/cropped/2024-09-02/14-52-22.png
1,unmarked,0.6002137,/home/niklas/Documents/dev/uni/bees/bee-data/cropped/2024-09-02/13-32-2.png
1,unmarked,0.5909358,/home/niklas/Documents/dev/uni/bees/bee-data/cropped/2024-09-02/13-13-7.png
0,marked,0.9820915,/home/niklas/Documents/dev/uni/bees/bee-data/cropped/2024-09-02/14-52-19.png
1,unmarked,0.6018123,/home/niklas/Documents/dev/uni/bees/bee-data/cropped/2024-09-02/14-13-27.png
0,marked,0.5370438,/home/niklas/Documents/dev/uni/bees/bee-data/cropped/2024-09-02/14-15-30.png
1,unmarked,0.603599,/home/niklas/Documents/dev/uni/bees/bee-data/cropped/2024-09-02/15-49-61.png
0,marked,0.6048045,/home/niklas/Documents/dev/uni/bees/bee-data/cropped/2024-09-02/15-20-18.png
1,unmarked,0.58639354,/home/niklas/Documents/dev/uni/bees/bee-data/cropped/2024-09-02/12-20-22.png
0,marked,0.9940883,/home/niklas/Documents/dev/uni/bees/bee-data/cropped/2024-09-02/15-58-59.png
0,marked,0.9903437,/home/niklas/Documents/dev/uni/bees/bee-data/cropped/2024-09-02/15-44-27.png
1,unmarked,0.60157555,/home/niklas/Documents/dev/uni/bees/bee-data/cropped/2024-09-02/13-14-5.png
1,unmarked,0.60221684,/home/niklas/Documents/dev/uni/bees/bee-data/cropped/2024-09-02/12-8-6.png
0,marked,0.9727166,/home/niklas/Documents/dev/uni/bees/bee-data/cropped/2024-09-02/13-49-33.png
1,unmarked,0.6030763,/home/niklas/Documents/dev/uni/bees/bee-data/cropped/2024-09-02/15-49-48.png
0,marked,0.88755715,/home/niklas/Documents/dev/uni/bees/bee-data/cropped/2024-09-02/14-25-2.png
1,unmarked,0.5871881,/home/niklas/Documents/dev/uni/bees/bee-data/cropped/2024-09-02/14-13-40.png
1,unmarked,0.6029609,/home/niklas/Documents/dev/uni/bees/bee-data/cropped/2024-09-02/13-36-43.png
1,unmarked,0.6029059,/home/niklas/Documents/dev/uni/bees/bee-data/cropped/2024-09-02/12-5-9.png
0,marked,0.9769345,/home/niklas/Documents/dev/uni/bees/bee-data/cropped/2024-09-02/13-34-66.png
0,marked,0.56222266,/home/niklas/Documents/dev/uni/bees/bee-data/cropped/2024-09-02/14-34-42.png
1,unmarked,0.6027987,/home/niklas/Documents/dev/uni/bees/bee-data/cropped/2024-09-02/14-40-3.png
0,marked,0.8787822,/home/niklas/Documents/dev/uni/bees/bee-data/cropped/2024-09-02/14-43-34.png
0,marked,0.7525981,/home/niklas/Documents/dev/uni/bees/bee-data/cropped/2024-09-02/12-28-2.png
1,unmarked,0.60226655,/home/niklas/Documents/dev/uni/bees/bee-data/cropped/2024-09-02/12-28-1.png
1,unmarked,0.59377956,/home/niklas/Documents/dev/uni/bees/bee-data/cropped/2024-09-02/14-12-2.png
0,marked,0.99795616,/home/niklas/Documents/dev/uni/bees/bee-data/cropped/2024-09-02/14-46-1.png
1,unmarked,0.60249,/home/niklas/Documents/dev/uni/bees/bee-data/cropped/2024-09-02/14-16-34.png
1,unmarked,0.6006171,/home/niklas/Documents/dev/uni/bees/bee-data/cropped/2024-09-02/13-13-0.png
1,unmarked,0.5869485,/home/niklas/Documents/dev/uni/bees/bee-data/cropped/2024-09-02/14-35-36.png
1,unmarked,0.60325766,/home/niklas/Documents/dev/uni/bees/bee-data/cropped/2024-09-02/12-11-14.png
0,marked,0.9636344,/home/niklas/Documents/dev/uni/bees/bee-data/cropped/2024-09-02/16-8-14.png
0,marked,0.9869332,/home/niklas/Documents/dev/uni/bees/bee-data/cropped/2024-09-02/13-30-18.png
1,unmarked,0.60064703,/home/niklas/Documents/dev/uni/bees/bee-data/cropped/2024-09-02/12-11-15.png
1,unmarked,0.60297626,/home/niklas/Documents/dev/uni/bees/bee-data/cropped/2024-09-02/13-33-35.png
0,marked,0.7669204,/home/niklas/Documents/dev/uni/bees/bee-data/cropped/2024-09-02/13-33-7.png
1,unmarked,0.6033791,/home/niklas/Documents/dev/uni/bees/bee-data/cropped/2024-09-02/13-34-60.png
0,marked,0.9904,/home/niklas/Documents/dev/uni/bees/bee-data/cropped/2024-09-02/14-3-19.png
1,unmarked,0.6010173,/home/niklas/Documents/dev/uni/bees/bee-data/cropped/2024-09-02/13-5-24.png
1,unmarked,0.6026706,/home/niklas/Documents/dev/uni/bees/bee-data/cropped/2024-09-02/16-9-62.png
0,marked,0.881107,/home/niklas/Documents/dev/uni/bees/bee-data/cropped/2024-09-02/15-33-30.png
0,marked,0.99307066,/home/niklas/Documents/dev/uni/bees/bee-data/cropped/2024-09-02/13-35-4.png
0,marked,0.9998572,/home/niklas/Documents/dev/uni/bees/bee-data/cropped/2024-09-02/13-19-10.png
1,unmarked,0.516269,/home/niklas/Documents/dev/uni/bees/bee-data/cropped/2024-09-02/15-29-15.png
1,unmarked,0.59993905,/home/niklas/Documents/dev/uni/bees/bee-data/cropped/2024-09-02/12-5-14.png
0,marked,0.98032975,/home/niklas/Documents/dev/uni/bees/bee-data/cropped/2024-09-02/14-25-10.png
1,unmarked,0.6031544,/home/niklas/Documents/dev/uni/bees/bee-data/cropped/2024-09-02/14-43-51.png
0,marked,0.991343,/home/niklas/Documents/dev/uni/bees/bee-data/cropped/2024-09-02/14-41-2.png
0,marked,0.9913197,/home/niklas/Documents/dev/uni/bees/bee-data/cropped/2024-09-02/15-4-18.png
0,marked,0.78882426,/home/niklas/Documents/dev/uni/bees/bee-data/cropped/2024-09-02/14-37-48.png
0,marked,0.90344864,/home/niklas/Documents/dev/uni/bees/bee-data/cropped/2024-09-02/15-17-24.png
0,marked,0.9558432,/home/niklas/Documents/dev/uni/bees/bee-data/cropped/2024-09-02/15-11-31.png
0,marked,0.9796585,/home/niklas/Documents/dev/uni/bees/bee-data/cropped/2024-09-02/15-26-40.png
1,unmarked,0.6024956,/home/niklas/Documents/dev/uni/bees/bee-data/cropped/2024-09-02/13-12-41.png
0,marked,0.79337174,/home/niklas/Documents/dev/uni/bees/bee-data/cropped/2024-09-02/15-23-34.png
1,unmarked,0.60322684,/home/niklas/Documents/dev/uni/bees/bee-data/cropped/2024-09-02/13-13-1.png
0,marked,0.73021495,/home/niklas/Documents/dev/uni/bees/bee-data/cropped/2024-09-02/14-22-26.png
1,unmarked,0.5989935,/home/niklas/Documents/dev/uni/bees/bee-data/cropped/2024-09-02/14-33-23.png
0,marked,0.99915385,/home/niklas/Documents/dev/uni/bees/bee-data/cropped/2024-09-02/14-12-39.png
0,marked,0.99924433,/home/niklas/Documents/dev/uni/bees/bee-data/cropped/2024-09-02/14-43-33.png
1,unmarked,0.5993644,/home/niklas/Documents/dev/uni/bees/bee-data/cropped/2024-09-02/15-29-8.png
0,marked,0.97954035,/home/niklas/Documents/dev/uni/bees/bee-data/cropped/2024-09-02/15-28-43.png
0,marked,0.68255746,/home/niklas/Documents/dev/uni/bees/bee-data/cropped/2024-09-02/14-31-30.png
1,unmarked,0.6013589,/home/niklas/Documents/dev/uni/bees/bee-data/cropped/2024-09-02/14-12-22.png
0,marked,0.9937279,/home/niklas/Documents/dev/uni/bees/bee-data/cropped/2024-09-02/13-45-17.png
1,unmarked,0.6024131,/home/niklas/Documents/dev/uni/bees/bee-data/cropped/2024-09-02/13-15-9.png
0,marked,0.85248935,/home/niklas/Documents/dev/uni/bees/bee-data/cropped/2024-09-02/13-22-52.png
1,unmarked,0.60360295,/home/niklas/Documents/dev/uni/bees/bee-data/cropped/2024-09-02/14-10-23.png
1,unmarked,0.6002143,/home/niklas/Documents/dev/uni/bees/bee-data/cropped/2024-09-02/13-37-35.png
1,unmarked,0.6028647,/home/niklas/Documents/dev/uni/bees/bee-data/cropped/2024-09-02/13-13-38.png
0,marked,0.9989441,/home/niklas/Documents/dev/uni/bees/bee-data/cropped/2024-09-02/15-41-28.png
0,marked,0.99970406,/home/niklas/Documents/dev/uni/bees/bee-data/cropped/2024-09-02/14-52-16.png
1,unmarked,0.6017282,/home/niklas/Documents/dev/uni/bees/bee-data/cropped/2024-09-02/14-7-8.png
1,unmarked,0.60262334,/home/niklas/Documents/dev/uni/bees/bee-data/cropped/2024-09-02/13-33-30.png
1,unmarked,0.5815648,/home/niklas/Documents/dev/uni/bees/bee-data/cropped/2024-09-02/12-30-7.png
0,marked,0.65428835,/home/niklas/Documents/dev/uni/bees/bee-data/cropped/2024-09-02/14-53-6.png
1,unmarked,0.59704953,/home/niklas/Documents/dev/uni/bees/bee-data/cropped/2024-09-02/14-26-10.png
1,unmarked,0.52541536,/home/niklas/Documents/dev/uni/bees/bee-data/cropped/2024-09-02/12-55-6.png
0,marked,0.59896797,/home/niklas/Documents/dev/uni/bees/bee-data/cropped/2024-09-02/13-45-33.png
1,unmarked,0.6038078,/home/niklas/Documents/dev/uni/bees/bee-data/cropped/2024-09-02/15-21-2.png
1,unmarked,0.59982765,/home/niklas/Documents/dev/uni/bees/bee-data/cropped/2024-09-02/12-27-15.png
0,marked,0.5227474,/home/niklas/Documents/dev/uni/bees/bee-data/cropped/2024-09-02/14-36-17.png
1,unmarked,0.6030065,/home/niklas/Documents/dev/uni/bees/bee-data/cropped/2024-09-02/12-27-38.png
1,unmarked,0.6029955,/home/niklas/Documents/dev/uni/bees/bee-data/cropped/2024-09-02/12-27-5.png
0,marked,0.82755274,/home/niklas/Documents/dev/uni/bees/bee-data/cropped/2024-09-02/14-20-1.png
1,unmarked,0.60218596,/home/niklas/Documents/dev/uni/bees/bee-data/cropped/2024-09-02/12-40-12.png
1,unmarked,0.5300123,/home/niklas/Documents/dev/uni/bees/bee-data/cropped/2024-09-02/15-49-25.png
0,marked,0.6735747,/home/niklas/Documents/dev/uni/bees/bee-data/cropped/2024-09-02/12-7-9.png
0,marked,0.98758066,/home/niklas/Documents/dev/uni/bees/bee-data/cropped/2024-09-02/16-8-6.png
1,unmarked,0.5835009,/home/niklas/Documents/dev/uni/bees/bee-data/cropped/2024-09-02/13-12-8.png
0,marked,0.9525696,/home/niklas/Documents/dev/uni/bees/bee-data/cropped/2024-09-02/15-13-35.png
1,unmarked,0.60297596,/home/niklas/Documents/dev/uni/bees/bee-data/cropped/2024-09-02/14-42-28.png
0,marked,0.62547535,/home/niklas/Documents/dev/uni/bees/bee-data/cropped/2024-09-02/16-9-19.png
1,unmarked,0.60248625,/home/niklas/Documents/dev/uni/bees/bee-data/cropped/2024-09-02/12-2-0.png
0,marked,0.50185084,/home/niklas/Documents/dev/uni/bees/bee-data/cropped/2024-09-02/14-50-15.png
0,marked,0.99991536,/home/niklas/Documents/dev/uni/bees/bee-data/cropped/2024-09-02/14-14-16.png
1,unmarked,0.6015375,/home/niklas/Documents/dev/uni/bees/bee-data/cropped/2024-09-02/15-50-37.png
1,unmarked,0.59880906,/home/niklas/Documents/dev/uni/bees/bee-data/cropped/2024-09-02/13-32-4.png
1,unmarked,0.5798805,/home/niklas/Documents/dev/uni/bees/bee-data/cropped/2024-09-02/15-16-38.png
1,unmarked,0.58333987,/home/niklas/Documents/dev/uni/bees/bee-data/cropped/2024-09-02/12-6-15.png
1,unmarked,0.5949347,/home/niklas/Documents/dev/uni/bees/bee-data/cropped/2024-09-02/13-36-38.png
0,marked,0.91141945,/home/niklas/Documents/dev/uni/bees/bee-data/cropped/2024-09-02/14-50-3.png
0,marked,0.9942773,/home/niklas/Documents/dev/uni/bees/bee-data/cropped/2024-09-02/15-4-11.png
1,unmarked,0.6018399,/home/niklas/Documents/dev/uni/bees/bee-data/cropped/2024-09-02/13-19-43.png
1,unmarked,0.60236305,/home/niklas/Documents/dev/uni/bees/bee-data/cropped/2024-09-02/14-36-53.png
0,marked,0.9851129,/home/niklas/Documents/dev/uni/bees/bee-data/cropped/2024-09-02/15-36-28.png
0,marked,0.6263177,/home/niklas/Documents/dev/uni/bees/bee-data/cropped/2024-09-02/14-52-18.png
1,unmarked,0.6039133,/home/niklas/Documents/dev/uni/bees/bee-data/cropped/2024-09-02/16-5-16.png
0,marked,0.9923275,/home/niklas/Documents/dev/uni/bees/bee-data/cropped/2024-09-02/14-25-4.png
0,marked,0.999977,/home/niklas/Documents/dev/uni/bees/bee-data/cropped/2024-09-02/15-29-69.png
1,unmarked,0.6021563,/home/niklas/Documents/dev/uni/bees/bee-data/cropped/2024-09-02/13-8-32.png
0,marked,0.9622059,/home/niklas/Documents/dev/uni/bees/bee-data/cropped/2024-09-02/16-1-0.png
1,unmarked,0.602245,/home/niklas/Documents/dev/uni/bees/bee-data/cropped/2024-09-02/12-12-5.png
1,unmarked,0.6039239,/home/niklas/Documents/dev/uni/bees/bee-data/cropped/2024-09-02/13-33-27.png
0,marked,0.99480903,/home/niklas/Documents/dev/uni/bees/bee-data/cropped/2024-09-02/15-59-27.png
1,unmarked,0.56133896,/home/niklas/Documents/dev/uni/bees/bee-data/cropped/2024-09-02/14-54-9.png
0,marked,0.65709233,/home/niklas/Documents/dev/uni/bees/bee-data/cropped/2024-09-02/14-40-7.png
1,unmarked,0.6032926,/home/niklas/Documents/dev/uni/bees/bee-data/cropped/2024-09-02/12-28-5.png
0,marked,0.9980538,/home/niklas/Documents/dev/uni/bees/bee-data/cropped/2024-09-02/15-25-22.png
0,marked,0.9609585,/home/niklas/Documents/dev/uni/bees/bee-data/cropped/2024-09-02/15-32-16.png
1,unmarked,0.6024312,/home/niklas/Documents/dev/uni/bees/bee-data/cropped/2024-09-02/15-32-34.png
1,unmarked,0.60331935,/home/niklas/Documents/dev/uni/bees/bee-data/cropped/2024-09-02/12-3-11.png
0,marked,0.9949103,/home/niklas/Documents/dev/uni/bees/bee-data/cropped/2024-09-02/14-43-47.png
1,unmarked,0.6037275,/home/niklas/Documents/dev/uni/bees/bee-data/cropped/2024-09-02/14-43-56.png
0,marked,0.9982502,/home/niklas/Documents/dev/uni/bees/bee-data/cropped/2024-09-02/15-58-1.png
1,unmarked,0.6026194,/home/niklas/Documents/dev/uni/bees/bee-data/cropped/2024-09-02/14-12-18.png
1,unmarked,0.5904097,/home/niklas/Documents/dev/uni/bees/bee-data/cropped/2024-09-02/15-48-38.png
1,unmarked,0.6026967,/home/niklas/Documents/dev/uni/bees/bee-data/cropped/2024-09-02/12-57-19.png
1,unmarked,0.6029693,/home/niklas/Documents/dev/uni/bees/bee-data/cropped/2024-09-02/14-34-16.png
1,unmarked,0.59972364,/home/niklas/Documents/dev/uni/bees/bee-data/cropped/2024-09-02/13-34-12.png
0,marked,0.9823799,/home/niklas/Documents/dev/uni/bees/bee-data/cropped/2024-09-02/15-52-38.png
1,unmarked,0.6034338,/home/niklas/Documents/dev/uni/bees/bee-data/cropped/2024-09-02/15-49-28.png
0,marked,0.60914725,/home/niklas/Documents/dev/uni/bees/bee-data/cropped/2024-09-02/14-53-0.png
0,marked,0.90065867,/home/niklas/Documents/dev/uni/bees/bee-data/cropped/2024-09-02/15-0-33.png
0,marked,0.91679835,/home/niklas/Documents/dev/uni/bees/bee-data/cropped/2024-09-02/14-49-21.png
1,unmarked,0.5999441,/home/niklas/Documents/dev/uni/bees/bee-data/cropped/2024-09-02/16-10-6.png
0,marked,0.78971136,/home/niklas/Documents/dev/uni/bees/bee-data/cropped/2024-09-02/14-43-26.png
0,marked,0.9647588,/home/niklas/Documents/dev/uni/bees/bee-data/cropped/2024-09-02/14-52-6.png
0,marked,0.96811366,/home/niklas/Documents/dev/uni/bees/bee-data/cropped/2024-09-02/14-59-24.png
1,unmarked,0.60236824,/home/niklas/Documents/dev/uni/bees/bee-data/cropped/2024-09-02/13-6-28.png
1,unmarked,0.5927397,/home/niklas/Documents/dev/uni/bees/bee-data/cropped/2024-09-02/13-2-0.png
1,unmarked,0.6032895,/home/niklas/Documents/dev/uni/bees/bee-data/cropped/2024-09-02/12-4-28.png
1,unmarked,0.6032972,/home/niklas/Documents/dev/uni/bees/bee-data/cropped/2024-09-02/14-12-20.png
0,marked,0.99978226,/home/niklas/Documents/dev/uni/bees/bee-data/cropped/2024-09-02/14-25-6.png
0,marked,0.8011816,/home/niklas/Documents/dev/uni/bees/bee-data/cropped/2024-09-02/15-37-1.png
0,marked,0.918451,/home/niklas/Documents/dev/uni/bees/bee-data/cropped/2024-09-02/15-7-19.png
1,unmarked,0.6031221,/home/niklas/Documents/dev/uni/bees/bee-data/cropped/2024-09-02/15-14-13.png
0,marked,0.97974765,/home/niklas/Documents/dev/uni/bees/bee-data/cropped/2024-09-02/12-6-19.png
0,marked,0.99911267,/home/niklas/Documents/dev/uni/bees/bee-data/cropped/2024-09-02/13-27-23.png
1,unmarked,0.60149986,/home/niklas/Documents/dev/uni/bees/bee-data/cropped/2024-09-02/15-29-4.png
0,marked,0.92618495,/home/niklas/Documents/dev/uni/bees/bee-data/cropped/2024-09-02/16-3-37.png
0,marked,0.9121809,/home/niklas/Documents/dev/uni/bees/bee-data/cropped/2024-09-02/14-24-10.png
1,unmarked,0.6027967,/home/niklas/Documents/dev/uni/bees/bee-data/cropped/2024-09-02/13-33-40.png
0,marked,0.99688303,/home/niklas/Documents/dev/uni/bees/bee-data/cropped/2024-09-02/13-50-19.png
1,unmarked,0.60274243,/home/niklas/Documents/dev/uni/bees/bee-data/cropped/2024-09-02/15-51-56.png
0,marked,0.5608786,/home/niklas/Documents/dev/uni/bees/bee-data/cropped/2024-09-02/12-29-20.png
0,marked,0.8558955,/home/niklas/Documents/dev/uni/bees/bee-data/cropped/2024-09-02/14-37-32.png
0,marked,0.987097,/home/niklas/Documents/dev/uni/bees/bee-data/cropped/2024-09-02/15-19-38.png
1,unmarked,0.6038517,/home/niklas/Documents/dev/uni/bees/bee-data/cropped/2024-09-02/14-10-33.png
0,marked,0.9472981,/home/niklas/Documents/dev/uni/bees/bee-data/cropped/2024-09-02/15-27-32.png
0,marked,0.9978411,/home/niklas/Documents/dev/uni/bees/bee-data/cropped/2024-09-02/15-56-36.png
1,unmarked,0.60336006,/home/niklas/Documents/dev/uni/bees/bee-data/cropped/2024-09-02/13-6-5.png
1,unmarked,0.59999734,/home/niklas/Documents/dev/uni/bees/bee-data/cropped/2024-09-02/14-37-47.png
1,unmarked,0.5855477,/home/niklas/Documents/dev/uni/bees/bee-data/cropped/2024-09-02/12-5-4.png
1,unmarked,0.60224414,/home/niklas/Documents/dev/uni/bees/bee-data/cropped/2024-09-02/14-13-4.png
0,marked,0.9582986,/home/niklas/Documents/dev/uni/bees/bee-data/cropped/2024-09-02/15-43-40.png
1,unmarked,0.6031289,/home/niklas/Documents/dev/uni/bees/bee-data/cropped/2024-09-02/13-29-21.png
0,marked,0.96402645,/home/niklas/Documents/dev/uni/bees/bee-data/cropped/2024-09-02/14-52-4.png
1,unmarked,0.6027403,/home/niklas/Documents/dev/uni/bees/bee-data/cropped/2024-09-02/12-29-15.png
0,marked,0.9990464,/home/niklas/Documents/dev/uni/bees/bee-data/cropped/2024-09-02/13-34-46.png
1,unmarked,0.5936247,/home/niklas/Documents/dev/uni/bees/bee-data/cropped/2024-09-02/12-4-29.png
0,marked,0.85783964,/home/niklas/Documents/dev/uni/bees/bee-data/cropped/2024-09-02/14-23-27.png
0,marked,0.99076945,/home/niklas/Documents/dev/uni/bees/bee-data/cropped/2024-09-02/14-20-47.png
0,marked,0.7093505,/home/niklas/Documents/dev/uni/bees/bee-data/cropped/2024-09-02/14-37-40.png
1,unmarked,0.60213035,/home/niklas/Documents/dev/uni/bees/bee-data/cropped/2024-09-02/14-17-5.png
0,marked,0.99917775,/home/niklas/Documents/dev/uni/bees/bee-data/cropped/2024-09-02/14-17-18.png
0,marked,0.8768573,/home/niklas/Documents/dev/uni/bees/bee-data/cropped/2024-09-02/15-15-35.png
1,unmarked,0.60065496,/home/niklas/Documents/dev/uni/bees/bee-data/cropped/2024-09-02/12-27-22.png
0,marked,0.996777,/home/niklas/Documents/dev/uni/bees/bee-data/cropped/2024-09-02/13-27-62.png
0,marked,0.9886097,/home/niklas/Documents/dev/uni/bees/bee-data/cropped/2024-09-02/15-15-20.png
0,marked,0.99898463,/home/niklas/Documents/dev/uni/bees/bee-data/cropped/2024-09-02/15-53-27.png
1,unmarked,0.53255033,/home/niklas/Documents/dev/uni/bees/bee-data/cropped/2024-09-02/16-3-9.png
0,marked,0.9260972,/home/niklas/Documents/dev/uni/bees/bee-data/cropped/2024-09-02/14-43-46.png
0,marked,0.99928975,/home/niklas/Documents/dev/uni/bees/bee-data/cropped/2024-09-02/13-34-32.png
0,marked,0.7847772,/home/niklas/Documents/dev/uni/bees/bee-data/cropped/2024-09-02/15-31-36.png
1,unmarked,0.59867203,/home/niklas/Documents/dev/uni/bees/bee-data/cropped/2024-09-02/13-13-25.png
0,marked,0.8783727,/home/niklas/Documents/dev/uni/bees/bee-data/cropped/2024-09-02/14-39-30.png
0,marked,0.91673106,/home/niklas/Documents/dev/uni/bees/bee-data/cropped/2024-09-02/16-9-8.png
1,unmarked,0.60250306,/home/niklas/Documents/dev/uni/bees/bee-data/cropped/2024-09-02/14-13-5.png
0,marked,0.99606544,/home/niklas/Documents/dev/uni/bees/bee-data/cropped/2024-09-02/14-40-21.png
0,marked,0.8963512,/home/niklas/Documents/dev/uni/bees/bee-data/cropped/2024-09-02/16-2-1.png
1,unmarked,0.6037471,/home/niklas/Documents/dev/uni/bees/bee-data/cropped/2024-09-02/13-15-8.png
1,unmarked,0.60144687,/home/niklas/Documents/dev/uni/bees/bee-data/cropped/2024-09-02/13-19-45.png
1,unmarked,0.60256857,/home/niklas/Documents/dev/uni/bees/bee-data/cropped/2024-09-02/12-52-32.png
0,marked,0.9532782,/home/niklas/Documents/dev/uni/bees/bee-data/cropped/2024-09-02/14-36-16.png
1,unmarked,0.5803708,/home/niklas/Documents/dev/uni/bees/bee-data/cropped/2024-09-02/12-6-1.png
1,unmarked,0.58421224,/home/niklas/Documents/dev/uni/bees/bee-data/cropped/2024-09-02/15-36-24.png
1,unmarked,0.5956729,/home/niklas/Documents/dev/uni/bees/bee-data/cropped/2024-09-02/12-52-13.png
1,unmarked,0.6013092,/home/niklas/Documents/dev/uni/bees/bee-data/cropped/2024-09-02/14-15-43.png
0,marked,0.53740895,/home/niklas/Documents/dev/uni/bees/bee-data/cropped/2024-09-02/15-29-59.png
1,unmarked,0.59960186,/home/niklas/Documents/dev/uni/bees/bee-data/cropped/2024-09-02/15-0-20.png
0,marked,0.77176756,/home/niklas/Documents/dev/uni/bees/bee-data/cropped/2024-09-02/13-10-21.png
1,unmarked,0.5986767,/home/niklas/Documents/dev/uni/bees/bee-data/cropped/2024-09-02/12-46-1.png
1,unmarked,0.60268295,/home/niklas/Documents/dev/uni/bees/bee-data/cropped/2024-09-02/13-33-4.png
0,marked,0.51530725,/home/niklas/Documents/dev/uni/bees/bee-data/cropped/2024-09-02/14-42-18.png
1,unmarked,0.60350525,/home/niklas/Documents/dev/uni/bees/bee-data/cropped/2024-09-02/12-41-7.png
1,unmarked,0.5056089,/home/niklas/Documents/dev/uni/bees/bee-data/cropped/2024-09-02/14-26-0.png
0,marked,0.9844009,/home/niklas/Documents/dev/uni/bees/bee-data/cropped/2024-09-02/15-42-17.png
0,marked,0.5154381,/home/niklas/Documents/dev/uni/bees/bee-data/cropped/2024-09-02/14-23-22.png
1,unmarked,0.603334,/home/niklas/Documents/dev/uni/bees/bee-data/cropped/2024-09-02/14-13-37.png
0,marked,0.99994886,/home/niklas/Documents/dev/uni/bees/bee-data/cropped/2024-09-02/14-43-0.png
0,marked,0.8891133,/home/niklas/Documents/dev/uni/bees/bee-data/cropped/2024-09-02/14-43-44.png
0,marked,0.77685773,/home/niklas/Documents/dev/uni/bees/bee-data/cropped/2024-09-02/15-11-3.png
1,unmarked,0.6035929,/home/niklas/Documents/dev/uni/bees/bee-data/cropped/2024-09-02/13-38-35.png
1,unmarked,0.6032268,/home/niklas/Documents/dev/uni/bees/bee-data/cropped/2024-09-02/12-26-22.png
1,unmarked,0.6031711,/home/niklas/Documents/dev/uni/bees/bee-data/cropped/2024-09-02/12-27-36.png
1,unmarked,0.60313725,/home/niklas/Documents/dev/uni/bees/bee-data/cropped/2024-09-02/13-15-5.png
1,unmarked,0.602645,/home/niklas/Documents/dev/uni/bees/bee-data/cropped/2024-09-02/13-36-25.png
1,unmarked,0.6034231,/home/niklas/Documents/dev/uni/bees/bee-data/cropped/2024-09-02/15-49-24.png
0,marked,0.9459495,/home/niklas/Documents/dev/uni/bees/bee-data/cropped/2024-09-02/16-2-40.png
0,marked,0.9974843,/home/niklas/Documents/dev/uni/bees/bee-data/cropped/2024-09-02/15-56-34.png
1,unmarked,0.6034147,/home/niklas/Documents/dev/uni/bees/bee-data/cropped/2024-09-02/14-10-7.png
1,unmarked,0.5967914,/home/niklas/Documents/dev/uni/bees/bee-data/cropped/2024-09-02/14-14-36.png
0,marked,0.9832575,/home/niklas/Documents/dev/uni/bees/bee-data/cropped/2024-09-02/15-14-28.png
1,unmarked,0.6034907,/home/niklas/Documents/dev/uni/bees/bee-data/cropped/2024-09-02/14-7-16.png
1,unmarked,0.5982753,/home/niklas/Documents/dev/uni/bees/bee-data/cropped/2024-09-02/13-17-21.png
0,marked,0.9661242,/home/niklas/Documents/dev/uni/bees/bee-data/cropped/2024-09-02/15-54-24.png
0,marked,0.9849978,/home/niklas/Documents/dev/uni/bees/bee-data/cropped/2024-09-02/15-4-22.png
1,unmarked,0.59384584,/home/niklas/Documents/dev/uni/bees/bee-data/cropped/2024-09-02/12-5-5.png
1,unmarked,0.6033936,/home/niklas/Documents/dev/uni/bees/bee-data/cropped/2024-09-02/15-49-26.png
1,unmarked,0.6013462,/home/niklas/Documents/dev/uni/bees/bee-data/cropped/2024-09-02/15-27-28.png
0,marked,0.7769176,/home/niklas/Documents/dev/uni/bees/bee-data/cropped/2024-09-02/13-32-17.png
1,unmarked,0.6025394,/home/niklas/Documents/dev/uni/bees/bee-data/cropped/2024-09-02/13-20-7.png
0,marked,0.9999231,/home/niklas/Documents/dev/uni/bees/bee-data/cropped/2024-09-02/14-52-15.png
1,unmarked,0.6035961,/home/niklas/Documents/dev/uni/bees/bee-data/cropped/2024-09-02/14-52-17.png
1,unmarked,0.60369676,/home/niklas/Documents/dev/uni/bees/bee-data/cropped/2024-09-02/16-9-57.png
0,marked,0.98324984,/home/niklas/Documents/dev/uni/bees/bee-data/cropped/2024-09-02/15-0-1.png
0,marked,0.858042,/home/niklas/Documents/dev/uni/bees/bee-data/cropped/2024-09-02/14-51-6.png
0,marked,0.74534494,/home/niklas/Documents/dev/uni/bees/bee-data/cropped/2024-09-02/15-7-11.png
0,marked,0.7645323,/home/niklas/Documents/dev/uni/bees/bee-data/cropped/2024-09-02/15-18-33.png
1,unmarked,0.5375751,/home/niklas/Documents/dev/uni/bees/bee-data/cropped/2024-09-02/13-34-11.png
0,marked,0.9996438,/home/niklas/Documents/dev/uni/bees/bee-data/cropped/2024-09-02/15-37-19.png
0,marked,0.9998561,/home/niklas/Documents/dev/uni/bees/bee-data/cropped/2024-09-02/13-29-20.png
0,marked,0.96335906,/home/niklas/Documents/dev/uni/bees/bee-data/cropped/2024-09-02/14-43-5.png
0,marked,0.98488957,/home/niklas/Documents/dev/uni/bees/bee-data/cropped/2024-09-02/15-18-42.png
1,unmarked,0.60155964,/home/niklas/Documents/dev/uni/bees/bee-data/cropped/2024-09-02/14-50-20.png
1,unmarked,0.60139126,/home/niklas/Documents/dev/uni/bees/bee-data/cropped/2024-09-02/12-13-4.png
0,marked,0.99884194,/home/niklas/Documents/dev/uni/bees/bee-data/cropped/2024-09-02/13-32-27.png
1,unmarked,0.6023695,/home/niklas/Documents/dev/uni/bees/bee-data/cropped/2024-09-02/14-12-28.png
1,unmarked,0.59940934,/home/niklas/Documents/dev/uni/bees/bee-data/cropped/2024-09-02/12-54-3.png
1,unmarked,0.60295457,/home/niklas/Documents/dev/uni/bees/bee-data/cropped/2024-09-02/12-42-20.png
0,marked,0.7957008,/home/niklas/Documents/dev/uni/bees/bee-data/cropped/2024-09-02/16-2-0.png
1,unmarked,0.5518583,/home/niklas/Documents/dev/uni/bees/bee-data/cropped/2024-09-02/13-13-32.png
0,marked,0.85144293,/home/niklas/Documents/dev/uni/bees/bee-data/cropped/2024-09-02/14-23-8.png
1,unmarked,0.6032804,/home/niklas/Documents/dev/uni/bees/bee-data/cropped/2024-09-02/12-7-14.png
0,marked,0.6290474,/home/niklas/Documents/dev/uni/bees/bee-data/cropped/2024-09-02/14-52-5.png
1,unmarked,0.59690654,/home/niklas/Documents/dev/uni/bees/bee-data/cropped/2024-09-02/12-6-20.png
1,unmarked,0.6026531,/home/niklas/Documents/dev/uni/bees/bee-data/cropped/2024-09-02/13-12-24.png
